source_id,ra,dec,parallax,parallax_over_error,phot_g_mean_mag,bp_rp
413966544480719104,20.527060529229175,58.88012820043096,0.33421148363142483,26.247316,9.464946,0.5087137
429470895385555456,0.9895863513096748,61.10362880988484,0.3284002015198213,21.261435,8.485552,0.54674244
457930276396481280,39.706805514963094,57.591294669047684,0.42596269824897537,26.316578,9.134065,0.66014576
458356474596389888,35.22032758377904,56.925749470135926,0.43000598455084327,25.210653,9.151855,0.41789436
458459863049757568,35.325306548801386,57.306132789366636,0.43413324966251327,23.472189,9.607014,0.8199816
458488003675180160,35.79902547050592,57.47204107753976,0.39287520352108657,25.118198,9.6335535,0.44660473
507837762010435456,29.99244053593275,59.722100652692646,0.3368425393224194,21.718811,9.566266,0.58874893
507936511903779840,30.654854795502136,60.07978170870858,0.3390645893450359,26.042908,9.402804,0.8868618
508072713913759488,28.555208025468275,59.9818804410015,0.46496551196495645,33.834824,8.893842,1.1051188
509313302321726464,21.978627145136507,59.23580431179619,0.38745375191419684,24.99514,9.859714,0.41389656
509863195576354816,23.31307300811848,60.68334798065254,0.3730229275637353,25.585688,9.69635,0.50933075
510613066805706496,22.394202224785115,60.967971637198254,0.47263639494449605,30.082895,9.458225,0.3454132
510786274246739200,23.15400047018561,61.96989562504888,0.3275875733440067,26.36454,9.265266,0.6121893
1696485904095504128,235.25549093444494,72.14319882928797,0.4867019268482007,40.90874,8.96975,1.5226288
2015790162481164416,353.2459188823804,62.215300126071796,0.36670380341658537,31.273762,9.059186,1.6310883
2167088391310088192,312.8614828250906,47.77307740967802,0.3407559230411047,29.420887,8.713933,1.120759
2400649159528767872,340.49771427530385,-20.784547875941318,0.4166436843414847,22.263485,8.765042,1.6823668
3031335007826144128,108.78304458353594,-15.339527500549192,0.41832496587637696,22.093279,9.710464,0.6442938
3050221903170250624,103.25926857829168,-9.964420592592623,0.47712295034230784,26.047497,8.438255,1.8034401
4874787782177687296,74.2145159466642,-31.261903209653116,0.4380306675723735,33.907906,8.813539,1.5221004
5612138146839352064,113.39298876748138,-27.97729213066075,0.3358446589483981,20.202011,8.318589,0.4991336
5618502188859846400,113.29261981082585,-22.92318825592265,0.438561037768382,26.585814,8.673974,2.031228
921290624095457408,120.00356647950441,39.86540635438252,0.34278641301788043,20.354753,9.144907,1.4915199
3055394693060459136,112.97311737709752,-5.751841661230687,0.4907886082078201,29.205181,8.957438,1.9663401
3101003363094076544,104.87327646923951,-5.580686861215913,0.45175911637688365,32.136383,9.284055,0.39612103
3112790638838473984,105.94519070052357,0.13685496296987198,0.43453412626242494,25.122982,8.437656,1.0812659
3156097485576709504,109.06281709633174,9.64848867329091,0.4538350409422426,24.265982,8.396963,1.8263669
3329627770791356800,90.89269227650193,9.665165622939373,0.4670859299966842,24.446302,9.478723,0.35349464
3374042439914731392,93.53170202491432,18.964916139095994,0.4723257893609662,24.480057,9.383248,0.52292156
3374390538424405632,91.7265264663817,19.03445655417196,0.4418221138256395,23.578096,9.126971,0.89421844
5712681578888416896,118.06955243440983,-20.552831117990326,0.318856909088562,23.754457,9.378334,0.7833595
4053432495885886464,265.5716973987013,-34.12735772847895,0.39959458598988284,25.039055,8.831246,1.1844358
4103540917215829888,280.69312028882064,-14.466493124558463,0.3306649528887947,22.053974,8.861268,1.1004791
4105022921472299008,278.4712875820414,-12.262895876818273,0.4600310559999571,28.878563,9.325166,0.8349228
4152892187348002688,277.15282223091725,-12.997454700651277,0.4459603564684869,21.906908,8.141203,0.8556423
4153511865229770368,274.44594152564474,-12.499420509184356,0.4671555535047843,23.208885,8.304465,1.4796543
4153564573070569984,274.35231333228336,-12.307582875758442,0.4936224240873781,33.558453,9.4143505,1.3325186
4156692649278135936,278.6062255178569,-8.09859223134135,0.4309690246077372,28.371883,9.0690775,1.3176813
2020526583713710848,296.47555161176797,24.09636643466128,0.45774435626323856,24.806581,7.5808687,1.1072536
5932310366677236096,244.87988922160017,-53.55527907005531,0.47838901919591803,25.697723,8.639502,1.8459363
5932951313255316608,243.413486085635,-53.913115985747986,0.42673241496673814,23.876564,8.99431,1.8719921
6057699497268721792,180.22223489151756,-62.08837331807562,0.3142228994352897,25.74902,9.144678,1.5262499
5866003046572231936,211.34176811421753,-62.50740598290455,0.45562708930118045,27.816622,8.757803,0.6335592
5877825098695583872,223.47019982158682,-61.00620129270079,0.37330194621570273,21.005047,8.999897,1.4817047
5882096598319863936,232.4361861472933,-58.58091737789208,0.30309875487355653,21.616463,9.205201,1.6778116
5335543970997662336,177.69704317405177,-59.73699513326572,0.451622621039178,22.334072,9.970301,-0.045947075
5861181516334057600,186.23309913463424,-65.2110156733972,0.41060793267403217,21.677748,6.869151,0.20890093
6054028537187430272,182.50458565359818,-64.0009710425701,0.461073070881297,23.09626,9.146696,0.45346355
5237358579056159872,172.12660710362834,-64.88719709019773,0.354052682194509,22.135122,8.64461,0.37730885
5241948245499912832,162.97905245477438,-62.18705844815263,0.39500923968191265,20.069042,9.541727,0.11192417
5242112970427597952,163.09681686151478,-61.00934521339322,0.43221773255682266,24.682213,9.408956,0.036313057
5254097093074642944,159.834649088274,-61.1524314062913,0.3854811329203991,31.607279,8.853682,1.2618895
5254274840348522240,160.72761427197995,-59.972123952834195,0.44203906524544373,26.03038,9.385575,0.06834221
5254295559276699392,159.07420759086173,-61.012556830472676,0.38706216559252227,30.132446,9.12828,1.1550779
5258469202295166592,150.79238351183218,-58.098895041335915,0.37042022090093535,26.10502,8.410106,1.4996772
5258741400139579008,153.96913061164577,-57.37500543215942,0.4458123515924422,23.246195,7.5669045,1.0418296
5334207583323855744,173.96764245294918,-61.63542239514189,0.48416691394742445,21.24257,9.596753,0.019397736
5334337325672222208,170.76415703794515,-61.63496879855298,0.48197099776701474,34.90065,9.488696,0.27545834
5334463185442116480,171.30724643114158,-61.2768624852733,0.40067230119884695,28.575289,8.890344,0.16906738
5334663021674428416,179.43707428571702,-62.37586811029374,0.27919119609570553,20.72142,9.647508,0.54935455
5334716829032175360,179.36779233482505,-61.84916956289675,0.4511910395624979,27.78456,7.982562,1.9321003
5337257113186282752,167.51352875110987,-60.93067206039207,0.37629580532154727,20.882597,8.722797,0.29254723
5337257800381131776,167.55153088655968,-60.86308753228858,0.41656669839412064,26.30415,9.210866,0.35782528
5337319819715551360,166.864702779929,-60.771621315160274,0.33785350661066016,22.788193,8.611917,2.0655031
5338108753675521792,164.85615541755905,-60.58233298517741,0.43347142435809577,25.881538,9.750804,0.21508026
5338218670477872896,164.0161055130655,-60.49376992227813,0.46691434402273746,28.114582,9.035945,0.20585346
5338294846024425984,163.04172520741102,-59.95515103341912,0.46450854785522466,26.66622,8.987743,0.10284996
5338325254378350336,164.41077426009005,-60.07894774082774,0.27529189539359566,21.114435,9.405009,0.53881836
5338508116915554304,166.1068980724151,-59.759130951933585,0.39903811150199525,26.940733,9.364048,0.17833805
5339059590722514048,170.83431978399958,-59.79860059816746,0.32792186690977504,26.8195,9.202755,0.8679371
5339627827719308032,171.4474818221193,-58.14240576883164,0.47583020095193607,28.173632,8.945314,0.09678078
5350290724010326784,161.72429402022604,-60.07829476102393,0.38873582942631896,21.466665,9.524211,0.44042587
5350301994003543936,161.1979113528494,-59.96636177021278,0.4300078294973813,25.759249,9.613539,0.23183727
5350302097082780416,161.2388624994838,-59.93509876290368,0.41234327854959774,21.812225,6.7649603,2.3637338
5350347108343919104,161.02433440846193,-59.99486539918329,0.4153338457793832,21.073603,8.598044,0.40696144
5350395379453207296,161.1822514542928,-59.35479212118571,0.4166490944719194,31.988422,9.371195,0.2613163
5351447204084589184,158.9322666766171,-58.24499528781435,0.42515040776810786,20.056187,6.1866355,2.34872
5522013721334028672,130.9040698053674,-46.01091486054769,0.45788230006567543,30.36595,8.45753,2.198329
5524471473410215808,133.86524801758378,-41.5894842277198,0.42494094754584333,33.47897,9.515969,1.0632048
4775759339708795392,69.18718298611542,-55.54299881323674,0.496853615026885,36.251842,8.768503,1.7890825
429913654973050880,0.24597027883926814,62.08142491392431,0.3799691943660124,26.914497,9.737854,0.5161667
430586384291362688,6.0018251518691965,62.34000368445924,0.48208078097083334,27.322763,8.4174595,2.0154448
457965701288040064,37.765788262752196,56.84065401622764,0.4504355290445263,20.517899,8.243368,2.2450786
458212541647099648,38.547709535155676,58.40548397245056,0.394698136094972,22.533243,8.604452,0.7269783
458373620106025344,34.8604863365301,57.07836411839056,0.4483348304453978,31.12053,9.354655,0.8227234
458377743274231936,34.74572613773821,57.14508325834256,0.44803307658077207,31.79697,9.657912,0.4594574
458420796025051648,36.405927945834996,57.19954840750713,0.4206391924403255,24.01575,9.457549,0.34493065
458477970630324224,34.91924956455082,57.50224895421219,0.44683989128690216,25.46456,9.483332,0.59399414
458479104501700096,35.21961175646976,57.45728390586298,0.40638780958901966,24.86509,9.751401,0.48082733
458558166258030592,34.39632334800638,57.0856715016714,0.36679713683521664,22.255253,9.84263,0.2776308
458562358146100736,34.24045440192384,57.13019749986464,0.4064774654520427,25.031054,8.949944,0.4389286
506280509955705600,29.767826833965913,58.94284463197052,0.37330304541652826,21.230774,9.539099,0.5609884
508770250956210304,30.78422616891609,62.190010762877655,0.38215087966034716,20.287773,7.8587475,2.5290122
513064148796472064,24.446643465327288,64.73935555277775,0.3748634959776924,23.663712,6.16359,1.2737899
1998640839106510848,354.4309519491933,57.097939296880604,0.2925342482032981,22.849112,9.191374,0.8105049
2004631974900212224,333.59115862527676,53.719491608689076,0.2896892773644916,20.939728,9.548757,0.3385172
2007849042838403200,335.60258002224816,57.23974221524357,0.28217931886668446,21.71264,9.257161,1.0233765
2067570185121916544,305.79358327840737,40.76451098234828,0.44723165045196095,28.788298,9.3256855,1.2318869
2071433765909167232,308.22621041712125,46.601248715704585,0.4186396791639282,33.75561,8.952725,1.8428802
2071602369144118272,308.4214220148366,47.471626503648054,0.4713960688739136,33.467907,8.447405,1.9846897
2078709577944648192,297.06443323833906,43.12691706660922,0.4207201785813663,36.633575,8.946757,1.1738539
2165131535502023936,316.4086812818217,47.11699431661465,0.42862600333233175,25.827457,9.575314,0.1975956
2931398987226447232,109.93329300800156,-18.4732683117443,0.4418595053609205,28.268335,8.93813,1.7305956
5610430570916320768,105.1649455481154,-28.194982523170232,0.33932647793089016,23.997736,8.770837,2.2084184
5619909907343072896,111.25445448266562,-21.018766673311884,0.4115648392006583,21.781544,9.549203,0.10552406
5716246848422026752,114.1065818954301,-20.21125780982548,0.358400938503833,21.880997,9.837168,0.4250641
183262754127654528,82.04038488083377,35.281660969033936,0.45747287962142924,25.757654,9.576343,0.61383724
3055018831882226048,111.12144336525942,-6.711689193697907,0.4679307425954388,25.719816,9.058736,1.5497274
3059313936617180928,108.50931257551647,-4.585968769360073,0.43551105722001937,22.926111,8.651869,2.1423516
3124718866829395328,93.88580181288387,2.525171308427562,0.44676234639544626,23.738129,9.036005,1.5983467
3374478288897747456,92.30543030732129,19.176988120150508,0.4784189900070681,26.937449,9.049567,1.086113
3418675568255191040,75.77808940303534,23.63991630415014,0.4749064046149533,20.40101,8.509431,1.9417682
4041236811592006272,264.77676563828015,-35.46758917761425,0.412383992497976,22.023043,9.6559725,0.8352289
4256949418066877568,280.232111346729,-4.084468757317161,0.46057674949209104,25.595434,8.625256,1.3125734
2059236196250418688,302.35678651885655,36.49671251335498,0.3428449960759546,23.746511,9.436229,0.58424664
2060868863612308736,304.1217360747542,37.9225331883876,0.49271548527252684,37.9367,9.18294,0.3953066
6054552694986709376,185.41467062879798,-62.952750901447324,0.48296643829141095,27.354248,7.6608176,2.1089606
6055044726452402176,187.23517182535605,-61.105661143903475,0.4516421731290013,25.9453,9.751744,0.22123909
6059433530180861440,186.29472315746222,-58.441462301719795,0.4957762659866122,26.897724,7.6591697,1.9599271
5852775956091051136,213.79905851051188,-64.74040023555716,0.4800680643372093,26.666348,9.907502,0.20081997
5335249645487770240,178.9261022406092,-60.62585747026551,0.3688374197579697,20.6898,9.853023,0.074297905
5335438246090671232,176.49368162326,-60.533022057275566,0.4978309124908644,27.443602,9.672209,0.040593147
5335489132867692544,175.6508581423221,-59.97815273483658,0.32914757817973794,21.894276,9.572438,0.4409294
5335559462900689536,176.7899758525446,-59.60905407384641,0.4621301588028039,21.752995,9.49123,-0.02940178
5859038018438333568,197.58091415469602,-64.45655287736271,0.36640162904706736,24.83485,9.344258,0.47666264
5861834763652109952,193.01435585919347,-64.52193945672556,0.39888487503680514,25.743082,8.800382,2.2269125
5864101647436803456,202.81865469577573,-64.47118465713162,0.46455925852115604,33.19089,9.481302,0.2432394
6053407381846983040,185.50996914510972,-64.69390217043838,0.4496905158638463,21.404818,8.619458,0.2405653
5250007326450864512,146.42350849719352,-62.82700718955572,0.4743770178471961,37.33922,8.640154,1.4476123
5254778932073853440,156.84683699712485,-60.31116281393016,0.3267605356220461,23.072832,8.750597,1.7950349
5254859952318446592,154.54292457285553,-60.995088393102684,0.4818477444663342,24.63548,8.325415,2.8329391
5255522545505772544,154.5450077495087,-58.66065140388062,0.4213952933912359,24.526373,9.967084,0.09618378
5258594787144576256,153.66299111628146,-58.31394770456876,0.380964173423643,26.304596,9.245895,0.6189718
5258811562720161536,152.6227133227549,-57.787203171283416,0.38617996076435107,23.313538,9.797676,0.45384693
5306021087346770560,145.7646862543772,-57.56694790785717,0.472103153796358,38.629906,8.562574,0.48199272
5308587794157443328,147.68830249077382,-53.3874223948506,0.4118443322350191,34.14938,8.928684,0.5388241
5324644031165449600,134.3702045117917,-50.74949743106076,0.44381445564621075,22.884344,7.0200615,0.211514
5328684083563908480,132.373128802769,-48.174779217779204,0.4538311211463035,41.70119,8.861673,1.0076723
5328712430349114880,132.7269151462132,-47.881765584419284,0.46779130810819286,29.405064,8.023582,0.860054
5329509159652062976,132.20963371442807,-47.29378761077413,0.49318697496700487,30.67233,9.597302,0.1565237
5329798026283063680,131.46620014857905,-46.29414596061803,0.4845852350043838,22.95364,7.966499,0.33716106
5329902582960734592,131.97411477068337,-45.931624533458496,0.4754220361822237,38.073307,9.436533,0.6406174
5332380263738418048,178.43406670446535,-65.28954757109341,0.40515635096606956,21.819042,7.4469733,0.2504797
5333139235984838528,176.3005888501318,-63.575382441907585,0.43183567019617036,28.00188,8.535996,0.9393344
5333957788009701760,174.59482008015615,-63.2007757605804,0.4196919246160145,25.441944,8.652265,0.3038702
5334610172052732032,177.66609690976748,-62.55198232784845,0.45565456556732814,20.236938,8.487756,0.062698364
5337634795446917504,167.71782494495793,-60.74167406648688,0.4367282460663996,20.05312,8.802197,0.2359457
5338088996824827264,165.78524321001214,-60.38514838525215,0.4375505692166225,33.25346,8.876158,1.6784248
5338133423970121856,164.5509730602869,-60.31575483320998,0.4360003664380198,20.017916,8.666625,2.005787
5338482244029922048,165.88800220498868,-59.96005908770437,0.4166656187037454,20.972012,9.220897,0.1476736
5338658990526246400,166.62107032522056,-58.805198605140575,0.4714349502149393,28.415287,8.755321,0.31102753
5339044231918324480,170.4625404782638,-59.991421045261276,0.4739753503330598,30.19863,8.962327,0.2497387
5340150542422607232,166.97367206591016,-58.65007561132005,0.3990731283250275,21.800005,9.832892,0.13838863
5350352812060632192,160.815550148646,-59.851543176396945,0.3893263442453704,26.045816,9.814025,0.108428955
5350703315744983808,160.40962372813578,-58.77185131597718,0.4230364737155525,29.72136,8.878115,0.55263805
5351083025233587968,161.8422150243704,-57.16719956215419,0.34889029304947394,21.428375,8.871635,0.4199934
5405553621532892800,147.40596902025615,-51.87248560179172,0.4794102162037867,32.039288,9.016214,0.223629
5522363091152539776,129.42223778954926,-44.603128257330106,0.44128389108063737,28.43837,9.836349,0.3482132
5487974692453649792,114.87591545040875,-55.8047665442542,0.4811450295724479,35.44328,8.979586,1.7179842
413980906852870912,19.939772657000084,58.66333385032744,0.3276068051486844,23.366917,9.4186945,0.45500278
456866017861147264,32.20024939013692,55.692568438773826,0.469826629769785,25.008305,9.9128895,0.15105152
457619664363369600,36.98696827283056,56.63955545214857,0.3972177914435875,20.475,9.446477,0.31179142
458372795471717888,34.62430147708934,57.15087308127002,0.4483046294572552,25.820532,9.330386,0.36842918
458374788336739200,34.76854664649321,57.1354937519504,0.4348039671941465,21.98423,6.446982,0.71346235
466225473151473792,44.26719596975003,61.416017967831486,0.47825222241101367,32.05613,9.183763,0.5053196
507929158919835264,30.655621478950692,59.97553207102126,0.38104491661846696,22.653126,9.414603,0.85884476
507951149152234112,30.675378710291568,60.2573413262477,0.3555937913898965,20.92191,8.594591,1.5332274
509866429697620864,23.730134247527428,60.71414825022875,0.34666051200108355,22.875856,9.582437,0.3579092
515732702182864640,39.34398873733113,63.881414182347086,0.48982109513792277,26.226656,8.327729,1.051713
522790566096761856,14.57084358393948,61.930786137218405,0.3852567168413002,28.028227,8.862102,0.9968815
1019282089659463808,139.6016978553782,51.402071471924174,0.46308440205047136,20.388853,7.8966866,2.8134456
1642955252784454144,240.42080532629103,66.80278928831764,0.3411412139945285,22.73737,9.172479,1.6156511
1999513542101583232,359.4486965426397,59.72010905920973,0.3442359953468422,20.448477,7.776269,1.0877542
2007102543162232320,343.2488969212227,57.29389301747349,0.35853834408268376,27.192844,8.803568,1.6329136
2013735621926788608,348.6435514263434,59.83672606714014,0.29009358916857164,26.349953,9.299931,0.9630699
2016187635943074816,359.9810587298906,64.00369700658807,0.3411186028981466,30.03583,9.484443,0.7863922
2061414947236018816,305.0727167452343,39.339339982906054,0.4564990027707147,26.150146,8.470594,1.9566374
2070149433243897728,311.51896278724627,44.86932795065094,0.47017015843938087,22.018234,7.654029,3.140668
2162842077419482368,316.21887834113863,46.206682246854534,0.34187854956275066,31.463505,9.065947,1.7395601
2163549991105161728,314.9297387340192,46.267297110467226,0.488426972285972,28.249893,8.758238,2.2756681
2165158954574430080,316.82019495313693,47.24036907094975,0.32679768666931436,26.28267,9.437035,0.9038496
2165179226821714176,316.24007997365374,47.14697965620963,0.483124358606648,27.663755,7.0355153,1.8801804
2167684670207187328,310.00460077749966,48.10535086759449,0.36558708599072953,26.183462,9.597419,0.9113922
2167900174486517376,310.1670629795631,49.37929279408974,0.4976468569656964,39.36431,8.794626,2.058895
2178378657742227840,324.66465985411725,57.36712550797527,0.4645093939367025,37.610123,8.999559,0.5786629
2197757309661690880,330.1132890893965,54.42284536197528,0.4029324494128125,34.897087,9.257111,1.2587023
5121794924782302336,29.01748063560712,-25.43838229289285,0.46332156167841704,20.437115,8.748258,2.3044128
5596111527914257408,120.22057186775984,-31.258293870717825,0.34829231754753875,21.449574,7.260238,2.4321914
5597356381238382464,119.26743430173809,-29.24400752615765,0.26698279005428344,21.162588,8.864799,1.2242765
5620284256691515648,111.55568370995543,-20.90625415902744,0.4522725956350301,22.166395,7.1190305,0.2769413
3034385396677573504,110.77281939678875,-12.622506074912973,0.49471766020079727,26.598223,8.9503565,1.9499402
3384806555670987648,100.92935923354011,26.225961791587427,0.4109085970043709,27.072695,9.097293,1.2685051
3404525334641915136,83.39002834494266,23.34226317918442,0.43877802069020444,23.58375,8.696807,0.5426836
3447109729224619776,82.27312165049888,31.06051680300078,0.48715304688951455,22.087482,9.001095,1.4270058
5403700703894215552,167.06476177688643,-32.08669832771909,0.47634255808749276,22.672722,8.531511,1.0823302
5441372721042741888,159.38568843843427,-38.06342187433734,0.4177854104798907,21.348925,8.111216,1.6272945
4094877109172970752,274.2761084510385,-18.541589851973058,0.4628640636447302,29.374815,9.062866,1.6961498
6737059797588369664,281.6109658806979,-31.342257927924194,0.4535046840041883,28.254835,9.348167,0.8507643
4153614871414364288,275.0715681490316,-12.172009440587296,0.4704557954175024,31.025835,9.28952,0.96930885
4156007447403090304,276.4297779824918,-9.753074264816776,0.4621487882504505,24.62458,8.502628,0.8683138
1377443466922030592,235.37886585953567,39.37464563070462,0.4769897024928681,42.348217,9.133077,1.5531263
1824384979344610816,295.2160628315328,18.35653416365679,0.4677859551995967,32.21318,9.655112,0.49553013
2033785628828339456,297.0958041036194,31.72672071224295,0.4210930738253125,22.947468,7.91144,2.106205
2058374144759464064,301.11066128539693,34.11224946615463,0.36652193625978186,22.401833,8.587173,1.6818237
2060508777869902592,303.6323463367932,36.66097399792682,0.48982884427113077,28.409187,7.7629585,0.53909016
2060606084643254016,304.7682120548334,37.398818025105314,0.4653589467069347,29.852505,9.354619,1.1177368
2061031114598941568,304.84465467463235,37.6559898862283,0.47176981716225613,40.259,9.146844,1.5433369
5932565900081831040,242.83526242559228,-54.35413510060747,0.4591116031656825,22.67798,8.623737,1.1705618
5932748448926551168,240.4324063184948,-54.14470140238531,0.43930173989866184,29.890396,9.601736,0.7492428
5935082819513026816,244.15702543124712,-50.607380608795054,0.3386071668832867,21.858458,9.427469,0.6649504
6057375862900168832,180.91997239215215,-62.80351051413264,0.4276786876306814,22.627619,9.769266,0.095933914
6057838207527891840,182.78705040087002,-61.34059848328226,0.4818983799237631,33.293785,9.317383,0.37119484
5340767441491619712,167.12033873216478,-56.48525255731911,0.382732221693739,24.606955,8.892313,0.29711342
5858050141583126016,200.90610577556996,-65.21207032663922,0.4745893464177763,23.317516,9.887529,0.086307526
6052922600296891904,180.75097685682994,-65.71523672177976,0.4675627148928513,27.679749,8.075196,0.95282745
5241986045563762176,161.8608599420588,-62.06270373468613,0.3792730827765682,32.27475,8.850181,1.8258185
5242164132084247296,162.81665833889,-60.942334687450554,0.3969850346349012,21.602757,9.838764,0.06380272
5254447601104676224,159.59712135378194,-60.108443334201255,0.48355160441932876,40.11229,8.684875,1.4518228
5254981070403566464,153.57810973472237,-60.13172013438937,0.4864151392795278,33.44477,8.863377,0.45073414
5255562299714075648,156.4642498203667,-58.79534450252097,0.2659801906860574,23.233921,9.697533,0.67755985
5306751266136707968,139.61185175539111,-57.16802913392766,0.2952606455490363,24.605822,8.94942,0.80674267
5308311370075168128,149.1322552527141,-54.08123001481863,0.4870262712304623,39.64928,8.921895,1.5802755
5309357280487489920,147.2209477367396,-53.135190942933875,0.4548875945646903,37.67065,9.75399,0.6684656
5329779746902661504,131.7015500122078,-46.49561288992918,0.44759762890917915,25.86253,8.587258,2.526332
5331435370884547328,132.56209322263092,-45.52269184007147,0.4515495946415402,37.043537,8.892735,0.5409708
5333774891121354496,171.23008899109496,-63.432099063401736,0.42216472478585915,26.913986,7.2685976,0.57575464
5334010908166780416,174.22117101607677,-62.606379260553894,0.44104455627212535,28.198124,9.789049,0.190032
5334221361579788032,173.2127749368874,-61.54171635121075,0.3399947164186717,20.261206,7.8626194,2.0252438
5335733602409500032,173.08339149314457,-61.16380756690743,0.4950631463543153,26.691568,9.72074,0.002943039
5337208425434082944,167.64037797294458,-61.5618764416184,0.47370107800437034,20.477882,9.7124405,0.117238045
5337227701248448128,167.96691021976713,-61.42872808645826,0.48276384470533995,29.573803,9.379687,0.09331322
5337667505909288704,167.75983347481485,-60.4791636911202,0.3918922435947956,26.542475,9.885417,0.35615158
5338118821079904384,165.06410509795853,-60.340721202193244,0.4383182786443491,32.815407,9.28143,0.40927792
5338501554205059072,166.74903193315674,-59.66787387588568,0.4529210319905891,30.96261,8.826439,0.26915932
5338617140360327808,166.12453810008304,-59.389914125681734,0.41829054395709797,29.881708,9.870789,0.25445652
5338687509111278848,165.21194969840155,-58.996751088027786,0.4100811278105554,27.457336,9.439097,0.34891987
5350359099893220992,161.1102791932643,-59.68406860187442,0.44550250110189055,27.79718,9.79993,0.1943016
5350671498620168448,159.34562660138926,-58.62303168033268,0.43945844988169197,29.363749,9.009456,0.39128208
5351703184123939712,156.50072742423671,-57.82691748014078,0.3659663811962084,23.6987,9.250886,0.1640625
5351712839211061120,156.73184886996626,-57.60702419214016,0.4149922277720513,28.627384,6.9282355,0.7284908
5404489397354905344,150.49096244039023,-53.00568778857424,0.48374710973667645,24.241245,8.258372,0.3366003
5404602303447385088,148.71768667306685,-53.47665354785811,0.4700933965126429,36.649853,8.817217,1.3630686
5522819766435356160,128.26426128841814,-44.30765442686432,0.4948617158986659,26.349339,7.69372,2.6783366
4929144750836743040,18.221538326466163,-48.84320523350711,0.4950303019607848,40.162296,8.877121,1.3543463
413851336279382272,19.72545124334777,58.20190143072795,0.33354255316167397,27.287374,9.258586,0.73988533
431207466614497408,5.459528857606225,64.59509201360606,0.48350966909511034,37.146763,9.285652,0.8067188
431665108274770304,1.3914205057862596,63.81704975113843,0.32498932446496903,25.538288,8.915508,1.0915909
457016822753597696,33.5504651523562,56.50004990679942,0.46737203256925364,22.473219,8.811823,0.14860725
458101181736200448,38.9076488343546,57.48701803986469,0.4088088575676063,22.804764,9.394827,0.7135086
458328574487996032,34.67452425425745,56.7613149425567,0.3898279477824576,23.009823,9.155358,0.3604164
458374719617277184,34.77678230816207,57.12607727810693,0.42493541099861026,25.97996,9.725491,0.5082207
458407601884442496,35.530760712273924,57.111732782099395,0.4077715448977957,22.174318,8.4523325,0.44818687
458436773303299200,36.009314619438435,57.35391678182374,0.4381390648448999,25.958786,8.973743,0.7981863
464131487618669824,41.843043472740035,59.28637926544935,0.40247956569077187,22.385519,9.088393,0.73990536
464858157421411712,42.90202837294318,60.55323580442653,0.42881127263998753,31.602058,9.479707,0.7563734
507133868416592896,32.20612392198113,59.70420579062374,0.3970922480983475,27.227676,9.533326,0.79076767
507995610656165248,29.915267411868673,60.25053614853969,0.42838063558195966,21.621313,8.120664,2.7004232
509849524704762752,22.882539196514003,60.559915097791006,0.36477317780861035,23.740297,9.471389,0.48847675
510921136217559040,21.12565216135125,61.77793484282667,0.281215822196501,26.39709,9.318466,1.2673302
511264218211789952,26.520401085164366,61.22827447563436,0.34096288925300494,20.568033,8.6572695,1.1050324
512090771769645312,25.79042542281313,63.60537834869633,0.493111502546934,27.947392,9.672728,0.7883415
524403141639508480,12.47194737617354,64.63778787607497,0.3586983576869391,21.988,8.227496,1.0534115
1978364298510562816,323.96520886208884,47.91185800744058,0.333159386820509,22.725512,8.684762,1.2730803
1978781528814224000,324.9436027041885,48.53995145616253,0.386347571812926,28.963833,9.40612,0.48419
2005170220200948608,335.9825790644891,55.15445162829617,0.42067221736225713,27.932842,9.8680105,0.2836094
2007064747448948096,342.24009287654906,56.91448128829789,0.4345368093635108,28.412384,8.390264,1.6059513
2061461912692370688,305.02863687578395,39.354898095276646,0.46194437112034914,37.220894,8.832696,1.8333373
2083644392294059520,307.62850374937096,47.86406792934166,0.41938547226134665,26.298025,9.025331,0.69619465
2168210752160476544,311.109132946418,49.1614845323044,0.40406092732486043,38.024414,9.465727,0.90784264
2173716900237287552,328.9149345651801,53.96748432432207,0.49297683315395147,26.573776,8.453453,2.6275225
3185560617628112896,68.33039687166749,-9.468926258159266,0.4991692634607821,28.043583,8.726473,1.7247162
5542141484270194048,126.80044069042309,-36.65380921505534,0.4276790275327354,27.184177,8.714422,0.26363468
5594743048248355712,117.33162685576731,-33.32978820498125,0.29095036838763755,20.087978,7.151306,1.7721138
5595419247905704832,118.95573055994491,-31.079372415859744,0.4616159291807178,35.53131,9.000489,1.6132469
5599098209506685440,116.75001820525243,-28.76433765854625,0.3321254081742391,26.0858,9.593163,1.0057459
5599486238338702592,112.79394927273077,-29.769590048964954,0.44163453405689823,35.22677,9.079938,1.4062033
5601822150792627328,117.32890263478507,-26.58986261013646,0.34923024213121245,25.685822,8.908321,0.73311806
5619765562079332608,110.61846407884076,-21.731777339463196,0.33034257442756126,23.268494,9.781812,0.2781391
3044907718650436480,107.3558871642672,-12.541921125985791,0.4679381849986534,21.156437,9.67984,0.5952196
3048246218213875072,108.54063995078653,-9.256798619863883,0.4708039999775615,24.923508,6.851881,2.1774168
3051365356604163200,107.99953235722785,-8.618692597558452,0.40321963917638476,23.346457,8.502327,0.9818864
3052227618538419072,108.48262893675651,-6.648826548151722,0.4730057608882338,27.780916,8.424382,1.1815166
3357812686217336192,100.21500071390982,15.79704647318782,0.4872589708470712,34.717243,9.203649,1.6522446
3370213287591791488,93.48670775804518,17.18366937739197,0.4634496426650755,29.847166,9.198363,1.4349089
3377723772345285760,100.9946804233065,19.83954058486699,0.45992701650600415,29.377983,9.451637,0.77250385
3628846700506717568,195.13989283401364,-7.993958816588002,0.4292233352318409,25.806648,9.126393,1.5655794
3670216508400737920,216.29302874378442,6.120607738295714,0.4788751907767289,23.5825,9.181913,1.5209246
5964762761500657024,253.528169379029,-43.7649484707675,0.4922074015880437,25.913591,8.994585,1.7992601
5962589435022282624,263.31497134814157,-36.87617761434962,0.45773862225118206,24.87962,9.021475,1.5012465
5974116199531831168,261.0860985854253,-37.93803967083506,0.46554890482551,24.061222,9.2504635,0.86953163
4089359656767374848,275.21621163211114,-23.943024780330653,0.45709650364411897,22.764694,8.676133,1.8878927
4104315072127225472,276.0796815288495,-14.163711767671032,0.4591657145867222,25.515577,9.000722,1.5402994
1321113321568273920,237.82751615526917,30.28316834606147,0.4649193580572449,32.65994,9.278488,1.4889917
4566918753968228480,259.19956981608436,21.042656846561567,0.47733886495770045,33.417377,9.191128,1.6432028
2020856746444684032,296.76140365370463,24.84875748291415,0.45606956030067647,28.952961,8.83733,1.0057945
2029204341796387072,300.7958846687355,28.705654361786195,0.43568465006724044,32.36469,9.040304,1.4030075
2030179982257647488,300.4776034839242,29.893726377716355,0.461972673582582,26.70271,8.03077,1.2346869
2033947222657776256,299.7316278688926,31.619140799003517,0.3785172160371573,30.607443,9.056875,1.1251202
2058226672782889984,300.8277967580617,33.449884125670884,0.4625046645218544,25.811369,8.547636,0.17249775
5836022663109729792,239.20408199967687,-56.49849662131753,0.44906460718697655,31.86515,9.449723,0.787364
5933574942470132096,246.95335958351254,-53.53475505258047,0.4898647107924867,23.850065,9.724897,0.31225586
6055004800433014784,188.564657440172,-61.18936957848063,0.44376483638477415,22.364859,9.751115,0.10980511
6056404409976842880,193.46762327039312,-60.37439663724441,0.4675265599607636,31.115744,9.614223,0.21870041
6056404410010181888,193.4468567925105,-60.372234979391294,0.48599170356433663,30.007717,9.585121,0.43973255
6057690460650874112,181.86758944900976,-61.73545968841867,0.45536762532642394,25.623821,7.249367,2.2721066
6058194655460657664,185.08447945276598,-60.82819066470531,0.4948993453572577,28.737011,9.75372,0.251544
5878486931620438016,218.97733398101585,-60.807525326945274,0.42267214274863996,29.872581,8.998147,0.52788925
5880762925023417728,224.96660995947505,-57.390897928449256,0.49564185201753663,22.462954,7.776863,1.500494
5344090681011522048,179.75413981084364,-55.63675952851977,0.4789553571515043,20.394238,9.42868,0.02262783
5818874988883127552,240.3111984102444,-70.82192325088681,0.47476551769614395,29.242376,9.492779,0.7363863
5862100978551628288,196.14694738693092,-63.9612662096649,0.4493032660029047,33.898685,9.573864,0.9557133
5864931675662371840,202.27251342593667,-63.87404180720128,0.4914142970800433,20.02055,7.071715,0.08796358
6054018160545355264,181.3820911210219,-64.2735919362447,0.43529620863826096,27.78119,7.002215,0.74746466
6054081107591954432,182.46779806887187,-63.83016823433773,0.3788585714252867,20.416304,9.608361,0.08077717
5241026859082385408,165.82109004219578,-62.45987534138962,0.46617308472815244,36.781464,9.5797825,0.43765068
5242048545917269120,161.542031951995,-61.2747509271396,0.39588181806559064,27.008503,9.496052,0.24389362
5254273672117339520,160.79194510148977,-60.0365862916571,0.3851230055115769,22.892681,9.6658125,0.05338669
5254520340666932096,158.8301341592375,-59.60036278920873,0.444630548903482,33.478363,9.64083,0.3479967
5258174361386656128,152.9929566844533,-58.95521201308792,0.3703898195678325,23.558525,8.085075,1.0177393
5258873410251124608,151.8277434660037,-57.578266457892504,0.49289468596486014,40.949757,9.389966,0.5507736
5308490899691127936,148.0913224084083,-53.99168533867863,0.48868240424005244,29.12287,8.613887,1.8573198
5312358019526915584,141.02374564815705,-52.866033515238584,0.39914642213965384,26.185915,9.760722,0.46075535
5333590516769528064,174.23400196356533,-63.39791646956984,0.4082267810138174,20.911005,9.103778,-0.0037212372
5333648511689458304,173.32502779838154,-63.10449989850903,0.41389407754299434,25.76934,9.555767,0.23702335
5334011698440668672,173.99062401920708,-62.591780388196064,0.4677721026584943,39.26265,8.805492,1.8370352
5334127628207912064,175.0950129421905,-62.231847106275765,0.4828792977293788,23.26538,9.919716,0.057894707
5334237300170116608,172.38287080679964,-62.52670081238288,0.4294746381641731,26.362617,9.078431,0.077445984
5334608728942890240,177.7863840815731,-62.64141380074228,0.45536490005160557,29.16882,7.426695,2.1436143
5337324630079003136,166.55890236127246,-60.636548500747075,0.4629170325869033,25.62,9.349746,0.24700165
5337357752858887296,170.07156849215008,-61.39575704295792,0.49889835078752975,42.491814,9.450761,0.7623081
5338036117182452096,166.05606746911639,-60.97991402522779,0.46047793078058935,25.599148,8.311601,1.6430507
5338117446690102144,164.94752270789064,-60.41166693320208,0.4976304974448213,34.073933,9.367143,0.29051495
5338220732024245632,163.9954161935123,-60.392612214385906,0.4079170405617531,22.080534,8.214032,1.0914478
5339428717389191040,167.5685732032297,-58.51180648295966,0.4817611954044819,25.038918,8.156167,0.36910868
5339556020211044224,168.40224609564456,-57.801833352809226,0.37553635240902794,21.140352,9.862114,0.14338017
5350310824456389504,161.30085950640924,-59.750112231119076,0.44515774498717886,29.269651,9.438464,0.50345135
5350336319384153728,161.64864054434707,-59.61680912634126,0.4270308726385012,31.120728,9.454961,0.75742245
5350570790231305600,160.2874007207539,-59.24776445699935,0.4605282176839247,21.87322,8.223428,0.14941788
5350593055343635712,160.48258768643538,-59.27128098225392,0.4042411511684107,29.811548,9.716307,0.21091175
5351436861801458944,158.00819168681838,-58.22834809502973,0.33880106545517497,22.453003,8.880567,0.22208977
5351469125580105344,158.3077976559397,-57.972539525949685,0.4030343728787951,23.598862,9.611767,0.04853916
5351554097203846400,159.22394410151503,-57.84334579033799,0.4273262803215672,34.77168,8.925463,0.5961094
5409232003313707264,143.94275950158058,-49.25020517061093,0.43905735616020836,36.853176,9.260038,1.1622772
5430399388842236288,140.22955580631174,-38.740108388600305,0.46359616779433077,26.620453,9.847277,0.06377697
5522639068570437376,127.16596188715975,-45.54988914793176,0.47721958054518643,24.629757,8.027422,1.622962
5211678213647868672,108.15800214057099,-77.76211747695626,0.3775209214654561,20.929111,9.65402,0.020031929
6707397001081815680,271.03721282904763,-47.720212108595646,0.41068551382398893,21.925909,6.6854606,2.4314237
430511789300158720,5.072576351439949,62.463878912153575,0.4109965705771436,25.925333,8.904564,0.29576206
431015743580595840,5.899390130037544,63.33221160710642,0.4846263671877907,38.908253,9.436315,0.86086845
454846489876889216,40.71675801958835,56.90455818177675,0.3904724420226313,22.099764,8.513481,0.73519707
458309191287717632,35.293482827845736,56.865644771653464,0.4255593586966089,21.29971,8.440851,0.4532547
458463951857361024,35.751768790216325,57.38700108219803,0.4389110985192701,21.9258,6.7995768,0.9429283
460547320226958464,43.15082202930156,56.554867685665926,0.42638233870637815,27.455616,9.33744,1.4022036
506955816252998144,31.029223116447255,58.483912261375984,0.4337626275871118,27.193466,9.192505,0.5693493
507306182496143360,33.23856123864632,59.538548500822245,0.36789252563049263,20.662544,7.8804193,0.85522795
508490493966771200,32.02316018618417,61.40169395329295,0.3391630723055124,22.617632,9.531663,0.70264244
512090638634594560,25.85250845133394,63.60340078509221,0.35615349907207766,25.104092,8.975249,0.9376354
1972851209762785664,327.495152418604,43.96577061699762,0.49143054772663575,22.206703,8.311666,1.001504
1976314018558878720,328.1992168968849,48.02243388575342,0.3926782772335814,23.285994,9.592781,0.12776947
2003095407393876480,339.34679959382186,53.95887608702795,0.40594229441164176,31.023054,8.852079,1.5593662
2003938801532007808,342.1582886448471,56.32153324908271,0.472487408483608,29.5032,8.771336,1.3084126
2004591842723807744,333.8752016663484,53.81222756347321,0.31216611597778404,23.973574,9.045131,0.7861042
2006989121667184384,340.3604951280684,56.43277230583142,0.40119933294348353,26.088026,8.684987,1.2878776
2010191621074073984,346.9388570066649,57.95986113749956,0.3580261761225468,30.228472,9.207114,1.0226917
2163524324380076672,315.0020267661775,45.958488910608786,0.48367104179540155,30.327415,8.146596,1.6398911
2164478528670897536,317.63305130068665,47.20764613437114,0.28108487173086116,27.52551,9.310151,1.2700148
2166437274261938048,313.1227534617556,46.79157992977097,0.2654679536131919,25.657969,9.352966,1.4067993
2198404372256281728,332.5921017219768,56.62637887257327,0.378665956134153,33.30949,9.334886,1.1591635
6838615811101023488,326.53889687923066,-15.244649529519348,0.4633559813806096,21.208445,8.978204,1.6200199
2929656158218040448,110.14767262045055,-21.228697119352393,0.3959660785847364,28.590885,9.261296,0.43720913
2931284152681024384,109.7403153211354,-19.28771420145034,0.34627023506859184,25.905201,9.573582,0.6184063
5598754719507423488,116.96140951592571,-30.13503790044776,0.33561682072512067,21.92156,8.560312,0.73470306
5598891711787670912,115.73074973148158,-30.20743103775709,0.3653600716586678,24.522175,9.283645,1.0412025
5605622539709490944,110.83043171365593,-30.0780319656728,0.4603989286976976,23.118763,8.999992,0.09088802
3120562536778901888,98.20720997326562,0.9609113471543922,0.483099618180287,31.207026,9.1503,1.1452045
3448828437697588608,83.90395283953586,32.80360496056377,0.4987884175808293,27.198015,8.485825,1.6098895
4091485425078680576,275.5866210133236,-20.066936269174775,0.4996073688609012,30.516308,8.978642,0.7690067
4104523743222385280,278.7398776622413,-13.870118848879066,0.4493859731811204,22.31862,9.459574,0.39530182
4153716198275554176,274.7806757384169,-11.633108356658328,0.48956796705422284,31.133715,8.786692,1.2069283
2020718860822906240,296.1488741463589,24.19737965024666,0.45455950342007456,29.330355,8.715487,1.3976974
2059129303105142144,301.6071099161343,36.32907543944772,0.42106295702920976,33.605267,9.595273,0.5290804
2060657933490959872,304.49518094791455,37.58933152916641,0.43128382466999404,32.127438,8.659014,1.6053877
6057194031166260608,194.43046361191935,-58.388335319150116,0.4968293122729228,22.75716,8.98247,0.095630646
5869057421174852480,203.0358285370773,-60.81541233483843,0.4548743598934608,22.589611,8.856517,0.082118034
5964387037771707776,252.8891399731536,-44.42745020180153,0.4880551173664362,34.10206,9.457979,0.7343445
6056403546679158016,193.44368055959146,-60.40345360951848,0.4753977688078233,28.136616,8.289357,0.23370361
6057103184009932032,194.2495992419388,-59.03353328824953,0.48485415383352326,32.902985,9.006904,0.41426182
6059089383035384192,185.7136809984259,-59.6225045756171,0.4306507768288667,28.48773,8.629677,0.9955931
5865760432461232640,204.45583293756982,-61.733165378247456,0.4782633704792809,35.99121,9.637587,0.52371883
5822872675740082816,241.68800794558763,-64.23232817930284,0.4723335763279643,28.053421,8.528807,1.7686973
5843657293789559296,197.71961895703814,-70.80864481398147,0.42923863774205334,23.70805,8.3495245,0.27489567
5861176705969688320,185.53691798786912,-65.31701759871468,0.468379564948608,21.250338,9.41511,0.013678551
5862079439334962432,196.51315223080738,-64.2432231766015,0.4285535211860515,20.475063,8.524249,0.66990185
5862610469102577152,192.36171733494527,-64.20279743573387,0.4067375566401854,31.584208,8.860549,1.2878122
5864151090997416832,204.9206076408638,-64.33061898489328,0.25811064457900784,20.657484,9.233525,1.4810944
6052861302518555136,180.05183923672334,-66.07796683023732,0.4846197298861559,23.193403,8.830204,0.041358948
6052880715772250880,181.9770150687578,-65.77365343155813,0.4869606925666539,30.668243,9.809126,0.2319212
5240441472232302848,165.56688072031935,-64.26289283299536,0.3778753552570313,27.734638,8.941291,1.5492678
5240940856653108096,167.15548986482452,-62.91544380290266,0.4940437406780293,38.556694,8.930638,1.5146685
5241813903270966912,165.5179153965153,-61.95391074064576,0.3760482908886027,26.428125,9.917827,0.20783424
5241943405123417216,162.24444654601498,-61.997000969405676,0.40564547358804004,22.601221,8.102404,2.04211
5254080050644387712,160.5807214720575,-60.91483044069698,0.36523509367274726,30.271055,9.033819,0.3949957
5254448906774783616,159.48225493337688,-60.0326193239003,0.2908932574700311,21.746342,8.8607645,0.41471386
5255670567254167168,155.78260008479222,-57.99754371166335,0.34106941996428963,20.346836,8.728923,0.51507664
5258591110652257152,153.33866596137554,-58.362977021482806,0.39299597735703823,22.740292,8.30453,0.650805
5260118985119902848,150.64938921000484,-55.143889028818485,0.4629432027209612,30.470278,8.747037,2.190764
5307519687325600512,147.06573582919322,-56.957724788806495,0.4446879495759265,34.60977,9.0095415,1.876297
5308211555029236992,149.40569384667998,-54.676016898042874,0.35303856321574967,31.7197,9.308973,1.1398687
5308738289808576896,144.49585556480704,-54.707621456408624,0.4363841999203457,37.930134,9.772351,0.57821274
5329282630207994496,129.68044695898453,-47.78784251649623,0.3750472733391182,24.981056,7.0909033,2.051385
5333346352152630272,175.67171668409839,-62.570013257610235,0.47737865271264157,38.03471,8.783111,1.8885803
5333357965744223744,175.94498208949503,-62.51370966330901,0.4543971425705322,22.118347,9.631729,0.03083229
5333592367876976512,174.38306065717714,-63.3476884855964,0.45868789230655704,22.701685,9.227169,0.1232605
5334208648475837824,174.1451035249876,-61.60977090159102,0.496127392626318,29.719425,6.7228756,2.1212234
5334208785914827136,174.1326717368752,-61.579683606033626,0.46705311833011587,22.700876,9.9367895,0.02230072
5334209301310842112,173.93724471235643,-61.57805668201763,0.43750450730240875,25.221859,6.2994795,2.251996
5334550386101530368,179.71394298575566,-62.97434181442431,0.4878757667901894,24.00583,8.812935,0.094408035
5334622545888243200,178.6746401640534,-62.48818264170537,0.29683794451328227,21.940487,9.650303,0.314229
5334823859608495104,177.0000300154924,-62.20691022592309,0.47542377023483023,27.265509,8.652682,0.52829075
5334899416680739456,175.50480281826304,-61.67255738598694,0.3718165570900887,28.938316,9.842825,0.40750313
5334957931304651648,176.82562186302735,-61.48440196431491,0.3645973158408804,29.414648,8.861365,1.0727682
5337297107926421632,167.1369928982764,-60.98108032912625,0.3559870866528267,21.825836,9.129919,0.12220669
5337474575987005184,170.41230663981315,-60.99117141571197,0.4089267296911613,23.583778,6.762133,2.6825147
5337514742524776576,170.7624272172219,-60.52047401697979,0.435339325258253,22.16388,9.6752615,0.0028676987
5337638025251945600,167.92114469146185,-60.7062646251675,0.3799192945574293,25.820932,9.534704,0.2081461
5337695367318149120,167.19479738209645,-60.3787814165533,0.4703206257823388,29.104925,8.708954,0.36104107
5337709871446647552,167.02140044825578,-60.230531575771444,0.4123306316943426,31.452425,8.603442,0.4270754
5338397100596092416,163.33579479071517,-59.61074239612086,0.3247696805587541,25.344517,9.622859,0.848423
5350311339852481792,161.3187638664455,-59.726946506095175,0.4444561292283019,30.59418,9.062262,0.6220417
5350423799274325248,162.23002443733913,-59.446767387131196,0.43642328686309323,30.173576,7.5863338,0.72664833
5351606663308484480,158.93645132819648,-57.23462450318186,0.4033529990806101,24.244911,9.770611,0.17964649
5405859079603399040,146.14878371841428,-50.82513098959258,0.49400061996193534,31.424881,8.588182,0.6137171
5427179297244973184,137.35977053387552,-43.308758720070834,0.45086262832766577,22.472145,8.168902,0.6060529
5526272061143319040,125.25062705689015,-43.60606330156489,0.4598994136133335,28.952738,7.7754774,1.5390782
6673992703944102400,303.8489401816644,-43.539416234092734,0.441711158203218,24.447987,9.216791,1.4908514
249783585565237120,54.46729424814941,50.010344037869025,0.37065323323228166,23.264055,9.018145,0.98062706
426382710818203648,16.149835634968483,60.3363576282581,0.35526914936721654,24.001177,9.253928,0.41115093
430505673266804608,5.106789322258761,62.39631695459823,0.2733980932953184,21.544224,9.3737755,0.7407179
458345062857953408,34.43606695260991,56.89999709777929,0.4200729218456008,26.460066,9.361162,0.6124487
458407670603899648,35.53570352714599,57.12454836175567,0.3790962950259794,22.9763,9.088153,0.4158373
467530593455913216,41.41068318473223,62.784705682230225,0.4768632521644823,35.926556,9.442988,0.90600204
506779550797525760,31.952001905377365,58.44353350743497,0.3635678927977495,21.611103,8.893997,1.5514259
508019731192578688,29.658341173596153,60.514954852609435,0.4196363893085401,30.272251,9.618788,0.7313385
512369708431309824,22.64607026423212,62.72524433001071,0.33645041037979806,26.83672,9.52345,0.8592415
512570987775524224,21.680253778758956,62.8755434669775,0.472212757852494,22.609318,8.191863,2.8205132
514220667538693888,38.79817775768051,63.584182965678146,0.4723028363614717,25.844275,9.622617,0.5152426
524076346171947392,11.30351547130588,64.39186858849813,0.33663321035841026,22.879627,9.318549,0.86176586
1870023851548985344,314.16051459653227,36.33046303797999,0.48550613601145604,26.967258,9.38569,0.044564247
1874329058030800640,339.32308771287524,22.311209441933904,0.44192365180967824,23.582544,8.989778,1.8732862
2012834984469785216,355.81032106987107,61.46285623717886,0.3170452809278852,29.78767,9.613005,0.78375816
2012971323913160064,358.08137763887237,62.118491824387974,0.3449608448128671,23.662024,9.204445,0.48671246
2015037306253196544,348.8662893728053,62.07903912950067,0.3419316618205094,28.309103,9.423153,1.106677
2015460652598301696,351.77369720281024,61.378443897685145,0.30141818667924397,20.881435,8.586982,1.0467715
2167441506343416576,310.0128380954577,47.3294266239343,0.4068194189955302,37.403343,8.826193,1.7590966
2173238990642923520,326.5698902527662,53.00954194416748,0.4460244789822377,33.861763,8.902099,1.8819203
2180462159247496704,310.9592064982687,50.97284129988103,0.480544896156796,42.853718,9.707128,0.7589407
2334178733827591424,359.8813061331772,-27.28146572173275,0.4816317443316335,24.090237,9.213929,1.5921106
2719172352335870976,341.5677122785206,11.659904759257355,0.48141369937134226,24.944847,8.950161,1.7857409
5084192692264991488,60.26296278107142,-23.283911531052894,0.43058616960309043,29.430252,8.708353,1.6774483
5540702292262107776,123.00301020059945,-39.14492222869413,0.49122632937949207,26.843811,9.126061,0.72363377
5546501254035205376,123.39734915467069,-34.47886667889035,0.2931891391293327,22.36314,9.182691,0.5508299
5548387603671614336,123.11792048180338,-30.702567320051227,0.4748227997489481,21.356686,9.764462,0.013893127
5620303528200859008,111.17060758510635,-20.789815795927588,0.45102652247987746,33.51496,9.043864,1.2782135
653755015285086592,123.20414414952522,14.331351044591118,0.46722074625529203,23.121681,8.83672,2.019579
3033955728147877632,114.33060301845943,-12.097063565273315,0.44223083906161237,27.659052,8.715353,1.9425526
3102635244506918912,104.37404980134458,-3.6972736748573327,0.43901344059201136,22.644705,8.5505905,0.7444067
3424624682076037120,90.88564667843546,23.32614203901842,0.4908624932348483,21.25332,9.04813,1.1862001
5637271299014306304,141.95061906697595,-26.808565019273058,0.29970335294348344,20.02103,9.113917,1.434885
5700927043673286784,122.1097492552196,-21.520681052976816,0.36758518549529223,24.08513,8.944758,1.997283
2020506380187203200,296.3514451039761,23.942858474549038,0.4798572538281256,29.328104,6.672267,1.3159084
4321830980758181760,294.34766553254553,16.4662654521271,0.4840092584538205,20.362268,8.186359,0.715363
2028391390409475968,298.01026982282303,27.96862818251215,0.45076735652653577,30.978827,8.868873,1.2919989
5869603019446867200,198.53046796776826,-60.990738332894246,0.47285700215323834,24.788055,6.5309772,2.7638812
5869951014908397696,202.1903469488692,-59.94928785971222,0.48328296136826604,33.433044,9.813633,0.28681087
5932186912149466752,244.0655298327372,-54.18304835698475,0.488770196384785,25.926296,8.5946865,1.9659843
5941379722609030528,246.4001973010198,-49.49319596958987,0.37648607849416343,22.659983,9.534843,1.0874071
5942799432670119680,249.17462406684544,-47.07888163518086,0.4295353763354636,23.863968,8.923641,1.7897787
6054666563166619264,186.96130861865504,-62.044235927772355,0.43449722150957987,28.694141,9.702612,0.3343916
6054908936750924800,185.7881526535067,-61.72362422995064,0.45507723841069997,29.180914,8.828444,1.9062891
6058513719987379840,182.1190132409991,-61.25069134504962,0.4897823473988146,21.021751,6.731683,2.2496247
6059673223726359680,189.58610138387246,-59.768072827547215,0.4878355340233927,26.133059,8.528805,1.8489966
5876812620276965632,230.90172792314672,-59.13303705880567,0.3300055786494588,22.49315,8.571951,1.3945312
5878468656565275904,219.10857801218668,-61.05425567283384,0.43191660435620094,30.440432,9.066686,0.5813246
5890758550863785216,216.94472178955834,-59.63240215424584,0.42214251746544673,24.115572,8.699161,0.38129902
5335451470244731392,175.6559047943648,-60.42074247872768,0.4512620730742073,24.049753,6.3987207,2.3571062
5859014138355560704,197.3919157843116,-64.71818938553507,0.4641324209845667,24.433977,8.341236,2.114873
5868226156014315392,201.10321735541734,-62.98500287129458,0.41649883776252217,21.157076,8.320319,2.4348416
5868489557757038848,199.43618426179708,-62.45401003475672,0.4886407007248439,32.665733,9.244143,0.3376341
6054324374535386752,180.56866780425756,-63.47069756264838,0.45975085858972575,24.803944,8.176025,0.55932474
5240771016471408896,167.70263881598635,-63.037418921198345,0.46554021528268313,39.566128,9.518965,0.77147293
5241908186404221952,163.91688069113073,-61.224296662822915,0.431842442198366,33.29642,9.71871,0.19488049
5253485459698923904,160.1294276968083,-62.985820772551726,0.3914195845498996,22.250614,9.691655,0.09082985
5254133003359671808,160.3443000435415,-60.77566723265836,0.43003453404550934,33.286163,9.84448,0.3740883
5258622206217086592,153.74429138022722,-58.08173194966173,0.44530745660794196,29.749813,9.827438,0.35603428
5300541224459123072,137.9944826401576,-58.87105800832439,0.4713124902576471,20.380898,9.841032,-0.06938648
5313049646692779520,143.91748458546846,-50.22027587766678,0.40267227944302875,25.161942,9.5109415,0.6374197
5327766399358783744,131.46342661778237,-50.969019906304844,0.41688894516745034,34.921177,9.725408,0.7067938
5328741052010557824,132.5047011488991,-47.5204507280951,0.4111896797903619,26.66841,7.9286933,1.2550945
5331419737203575040,132.81874875512727,-45.67629125935009,0.4367816206892719,32.054993,8.856591,0.58222294
5333574260294871296,174.80313286852643,-63.52043215702372,0.4422738019058201,26.996479,8.915301,0.17064762
5333714555418902016,172.31299890047265,-63.55393479646987,0.39528221951980447,21.414953,6.3484616,0.54269695
5333739260070326016,171.43437784494327,-63.12913294796993,0.46166167092047067,28.317215,8.276553,0.57172966
5333856250668112384,172.6674734483761,-62.786543656113,0.4675824746741978,23.400307,7.826503,0.3360014
5334496239495262208,171.36788288079245,-60.975935879029166,0.44792434441797546,20.66008,8.852449,0.17946243
5334614913696628224,177.8592216255887,-62.5946353598245,0.3736908225173198,21.672209,9.204628,0.1546812
5334746172252615552,177.96760908202003,-61.92392483776272,0.4951131923455976,26.615664,9.779468,0.085707664
5335257273307351040,179.6606407072027,-60.65496842097254,0.4348011139759008,26.800098,9.415391,0.29292393
5335996626216346624,171.77475175641976,-60.62184234307011,0.46188639638050877,22.160244,8.929573,0.14045143
5337285249476880256,166.74948457748914,-61.08874573633802,0.4614442389942718,38.34245,9.109169,1.3746862
5337626514737970176,168.19915950591587,-60.737982623324214,0.39555620441167627,25.930855,8.789533,0.42080307
5337633730283418624,167.55598589462778,-60.77541491883994,0.37876955494011816,22.97816,9.754287,0.45629025
5337637303697246976,167.9565222020095,-60.69951017139562,0.41590287759902733,20.433691,8.036235,0.27401114
5337946266469616256,165.29138321270023,-61.22194106676177,0.41865669507789627,20.951424,7.864483,0.22980928
5338507567159619200,166.1063645447936,-59.811662372550295,0.4894084321754524,27.205149,8.505204,0.28347683
5338588896667331200,165.30977443918255,-59.15017349431046,0.36912891652121793,21.318874,9.157959,0.3607731
5339554336583678464,168.50010778602058,-57.91090076220269,0.4492384875917295,24.50994,8.1157875,1.0021987
5350357519345171200,161.04322662985388,-59.71973952255461,0.4449964028028746,21.970701,7.8081417,0.98402214
5350363807162637696,160.97659104075308,-59.549295307031784,0.4256213723643022,28.412712,8.630563,0.47520638
5350363910256783488,160.98935633583935,-59.5475972464329,0.4036720965879117,23.017588,7.1798453,0.4867444
5350673147896135296,159.74786714951824,-58.61738173879106,0.4289494852832914,23.690489,9.341679,0.18600464
5351197477513292032,160.0023599332825,-57.549764039513214,0.34040641567552804,24.449718,9.724789,0.3602705
5351202287877652608,160.50766646897912,-57.45846487457756,0.40941577995943385,20.289833,9.96919,0.059850693
5351447234127452672,158.95098085669855,-58.23792338618754,0.4208937855043182,20.244957,9.31968,0.048870087
5351723799968449536,156.97548284650767,-57.61207853234041,0.3932168826013838,29.88235,9.491255,0.40472412
5352377700158633216,156.93842916617896,-55.39367948626208,0.4264615047226663,20.293837,9.888825,0.32778072
5553334237749992064,91.26848734411718,-49.47932430232843,0.4951180684716018,33.434036,9.113053,1.7410717
412562090175255680,21.166450363664655,56.70876761079061,0.419498816314588,22.475828,8.990168,1.8696766
413827353180436736,19.96555223917397,58.208141867115444,0.3678658479339307,21.721134,6.842597,0.6382146
413875010140633344,19.785714474944868,58.237625052246614,0.32207522035466374,22.934687,9.614314,0.44421482
413908648323923968,19.34192251462988,58.88819501718749,0.36505342990346057,23.20615,9.7784395,0.32447052
455706548490983808,36.48585141243558,55.00867301229303,0.4220769681769242,20.421207,9.989394,0.07384682
458308469733215488,35.28881751307701,56.816725537850985,0.4591381966907138,20.778366,9.49871,0.25292587
458367538432087040,34.79449945580568,57.02495367549104,0.4307076017821156,26.85514,9.782366,0.46725178
458375235013296000,34.808086959826475,57.16922597897734,0.41104159709737287,21.145563,6.514051,0.75091934
458413339960648448,35.79841651608615,57.1721434373347,0.40786478925715086,24.100683,9.460758,0.416317
458457320427789824,35.28195486006282,57.166787651542016,0.44099202767412715,27.38945,9.411669,0.4877205
506131629208887424,28.80240089117234,57.89763336541011,0.36044403073631265,23.127163,9.455643,0.46423912
506910495760258176,33.40555235915227,59.170774230295784,0.4182539567021904,29.552214,9.178196,0.9329395
524114210600113792,14.611781852640691,63.71361581900953,0.391521016911219,22.449974,7.5433607,0.8995819
2010116132733272832,344.270459071179,57.6787511723318,0.4433270362856381,24.883223,8.297084,2.191053
2016131492128180352,359.68148339319663,63.66158364535,0.30649567456921734,29.04289,9.32511,0.96445084
2062282805506927360,304.66560638440006,40.22688989729166,0.495730045081995,31.566875,7.169679,1.7151103
2170875933990745088,322.41223377432584,48.96907161866518,0.3762034094221205,28.786055,8.73018,1.1825848
2929784045165820928,110.86038343254901,-20.687380101825656,0.41009777531593056,26.274563,8.887221,0.6942053
3026509732327105408,112.09549955852091,-18.854391808780925,0.425207147267754,27.698708,8.874753,0.99777603
3033325707986207104,113.41239301461371,-13.596263794372655,0.4951577374260597,26.741268,8.634002,1.9575491
5614098644793312384,114.48282801732371,-25.99379708864675,0.35234142577308086,20.388397,8.6203575,0.5978317
5614715333383450880,115.99572574376579,-24.15967539761923,0.34497544213898584,22.324821,9.044363,0.4466715
5615458534516990080,115.21270426159468,-24.09536195513267,0.4310080437333228,20.107214,7.321649,3.0110936
749183652386066432,156.57253098327416,33.30911124488577,0.42414974164692537,26.206928,9.129243,1.6160831
3048213816978421248,107.72139935282078,-9.249109297446633,0.4378963094628588,22.885523,9.902693,0.21676445
3138246124023923840,113.14467757714246,4.754109568374853,0.49374288512040965,26.07477,8.884866,1.9745259
3159156150826442240,103.96860149492149,11.144990162311515,0.4638440534647783,20.704836,9.339916,0.13052464
3455388570745171968,85.77659129423412,34.348628619710325,0.4942235259445741,23.133875,9.498861,0.34311295
4094684694612074240,273.8790657017201,-19.299727217826987,0.47485052173640685,26.56433,9.339919,0.38810158
4254076424203276672,284.14370441830476,-5.7603348763773035,0.4638629387161867,20.009119,8.995656,1.998106
4563812393098031104,249.13796823401321,20.429534526229688,0.46275997604436425,31.652214,8.777007,1.6341753
2028313909196443264,298.0535914959113,27.4413916242474,0.4068006731240185,26.280855,8.524469,0.9292989
2029555567042344960,302.5314542312896,29.685865473471278,0.41093681968967727,33.043755,9.231493,1.3655396
2059076148587293696,301.4854910289137,35.78992059788903,0.4722753516207746,31.346087,9.659323,0.27064133
2059455617540980736,300.5904746682892,35.674922031390935,0.4972335450679295,22.610977,9.483264,0.9638548
5884713092342630144,239.35246901888556,-54.33227127358542,0.48976748320280034,24.971752,7.7067533,0.8669367
5943084201826281984,251.0300329360842,-46.14164066550054,0.4316636205822813,21.260971,8.418917,0.3565979
6054233866641632768,183.9344399153632,-63.038069000872895,0.3704226231194864,32.3565,9.382488,1.1595383
6057583876753076992,183.02530296243253,-61.77727038699875,0.46216750741361196,22.286295,9.727175,0.21819687
6057653936254670464,180.73473824616968,-62.17528737457608,0.4859044272733979,22.45396,6.7096605,0.16707325
5849849949480931968,220.07313439098206,-64.83351036401437,0.33432098876552163,20.029785,8.858787,0.38244724
5867262056094720256,210.78895329541785,-60.39960853357785,0.3513070079158963,28.072306,9.204995,1.2149649
5890832596102374016,215.96608668445572,-59.417143204909756,0.39571477509826763,26.96738,8.904972,0.82842445
5341777583440434816,176.5107955142093,-58.087076411804176,0.448630032953075,23.494795,9.278023,0.07417393
5862187844338130560,199.58274175569338,-63.44915516902557,0.48828709627498534,29.121248,6.561406,1.0660806
5253708484435599616,159.77371397141204,-61.64653763421085,0.435853248460284,22.79766,9.934551,0.11540127
5254041984404840704,160.57603969228626,-61.37337441175013,0.46335297606758935,24.863955,9.949145,0.012225151
5254266250413019392,160.5095386420455,-60.14404341300069,0.4152292998100233,28.046873,9.416246,0.12691689
5254537623616403968,158.46868953943488,-59.45065699807745,0.37331451235526336,23.04781,9.936679,0.16518784
5257554030674951296,148.69884869702537,-59.26755561380997,0.49000497010834276,22.067764,9.155434,-0.07881832
5259233397228728576,150.7264082647662,-57.76174777210897,0.4082456794936623,30.952896,8.977438,0.47270107
5259375577836135168,148.72035208605246,-57.72727605176957,0.4379924925765864,26.020279,8.064675,0.71010303
5303766847980454528,137.65256875411478,-57.530202356049934,0.462775553093901,36.362766,9.208204,0.26858997
5313131491589496704,140.62401410514832,-52.48256474147363,0.29730607325668473,27.760925,9.272566,1.3411016
5333070104201657472,177.66084406686014,-63.20551264887186,0.3784999130961436,21.27294,9.912154,0.055069923
5333576326198296064,174.7635905771684,-63.42973342374071,0.4273919874872814,20.394997,8.006602,0.18343353
5333629132799653632,172.8749996064569,-63.23116980029898,0.42064653014677256,21.329693,9.892429,0.17764854
5334557983957740416,179.95363132868323,-62.83163328861907,0.48120801559725845,30.396923,6.8389206,2.0278249
5337764640889249536,168.5883586370281,-60.05291804008801,0.3226731987359124,22.812403,9.326704,1.4297667
5338084667496721152,166.10049426253798,-60.28678329524969,0.3968237193009671,27.55587,9.521141,0.35000992
5338385487003540992,163.12580374518163,-59.95497367613499,0.4813295706419924,30.270237,9.73896,0.2798729
5338533989800815104,165.58251680268586,-59.8079006711769,0.3092274850167882,20.329582,9.564228,0.29764557
5339387481352470016,167.6273052853611,-59.03098737548359,0.4227888223221081,20.96032,9.818269,0.08216381
5339488743837724288,169.2422169802754,-58.149705679730005,0.4589320138358996,26.979036,8.439492,1.8803654
5350622982675209984,160.06459682215814,-58.745800033563334,0.3727560590472288,34.791283,9.542112,0.7783861
5351318183273276928,161.3783328742092,-56.61171031800236,0.4525119263227901,20.554697,8.078946,2.662169
5523825888285399296,132.71682631646945,-43.839675123436045,0.45535288573354676,42.150288,9.172366,1.3265829
421948036822323072,5.691502040939246,57.1231331187011,0.4731293291551101,36.603443,8.865762,1.8402572
422226488141991296,3.6176560337240544,56.25293038822658,0.44632358370353176,26.96585,8.797508,1.280448
430356929957388672,7.829980750810941,62.427616115736974,0.3475093718530598,25.607061,9.199072,0.41647053
430554120495997568,7.199853100383804,62.50626980602166,0.3516151965294462,22.29095,8.701801,0.25092602
458287548959789568,35.8976461593529,56.57442674898594,0.4326910694638237,27.377571,9.656351,0.23102856
458374891415941120,34.86444028296152,57.13823121956019,0.4005580942756617,27.325117,9.285574,0.55258274
458639701918461056,34.01846379316606,57.744904395154556,0.447935528045323,23.179403,8.985918,0.52066517
464213607391309184,39.84595658454586,59.06651063110643,0.4345536374604897,20.399385,7.890632,0.93144655
465026249562893440,38.67500488352324,59.507436829016264,0.4425448322901865,32.424995,9.561194,0.95226765
505525042390978560,29.950352893307873,58.69027057396047,0.40752625541651694,24.713678,9.622132,0.33479786
511774563399666560,28.31552878977875,62.54680382912336,0.339827568517668,26.844269,9.391731,0.642087
514124013591624064,39.07592065913207,62.94815321810704,0.45438307328607347,28.322388,8.69594,0.6777048
523956121445697664,10.18577416958147,63.91667254940906,0.38182717263810734,30.735426,8.956257,1.0106564
1368272990190748416,263.17475935147354,50.84305141916124,0.4032820958683552,31.88339,9.001074,1.5629339
1979546200479261440,328.8233809198807,49.506590823264425,0.3699924708805187,28.481771,8.982042,1.9747915
1981364453428557568,328.97734556044094,52.882890615856944,0.379665529793602,25.555065,8.310013,0.7322731
2013933392281648128,350.4507274111843,60.847095194932834,0.35214234189769394,27.45213,9.550358,0.43238258
2014060802491139200,347.8117008296542,60.57269377260843,0.3183172869325484,24.890938,9.355996,1.2217436
2016139085631723264,357.99529506328565,63.302990109542435,0.3461993500072646,31.122492,8.704158,0.805274
2016182344543423616,359.80791380990036,63.81953980247319,0.34959476345752655,22.571604,9.065356,0.48609638
2166868862635101568,313.1173539107912,47.19955007695847,0.4482448666477489,49.589344,9.240833,1.5035114
1913589422803941120,351.68378605210245,36.90277211685311,0.4353358749311491,29.74364,9.443661,0.6364641
5587777332851031552,116.28144504782772,-35.07387368473165,0.28021631124192564,24.25996,9.440859,0.8844471
5618854376177096320,114.4186303475666,-22.633276078519415,0.35868289892178096,27.48953,9.448068,0.9313841
5698332161873438336,120.55429188933233,-24.938086113943903,0.474574035185196,27.384285,8.803669,2.0952883
4094891162306244608,274.18946434203673,-18.41289323765602,0.4301479678859831,28.725067,9.780729,0.30430126
4095478026613369600,272.97405852896185,-19.057091564431826,0.4646851226322312,28.154116,8.747495,0.6438465
4104218044547191296,276.27576022968947,-14.649380390586183,0.4991174089470399,21.662607,7.464444,2.0311828
4104757492483282176,277.70352988813465,-13.635005424610846,0.44927968448275674,23.682463,9.336244,0.6291981
4153666106124493696,274.67027916488155,-12.106501053753982,0.498471447508529,24.389023,8.252969,1.0305309
4267549637851481344,286.16423460279407,1.3061432029418725,0.4900926960360036,24.498535,8.201151,1.8275614
4293643144726603648,289.42835951320933,5.119173748751784,0.36832535297655955,23.000801,9.588669,0.82021046
4315243772234591616,294.10194073073865,12.034480118877807,0.4934035229217764,35.140705,9.1979685,0.76174927
2033997868915246208,299.690689964348,32.13907654514317,0.39232754105616646,20.96367,7.634603,2.828339
2034855556703741184,295.7282452974381,32.58048937462113,0.4697164167010913,34.227215,8.735088,1.8865666
5932016212933920384,246.16414851593652,-54.635759381993104,0.443135687686014,23.23951,9.448102,0.3370638
5932576208005295872,243.24404718692224,-54.06662663357517,0.47420099326227694,22.261593,8.775656,0.21574783
5939344419181412992,253.04288104600656,-48.19221495289798,0.38559749954732353,20.916004,8.359838,1.1481667
5939657509457702144,251.6500548652389,-47.086479834581226,0.36737356329416593,23.496532,9.082027,0.6234617
5940912975597546496,248.98040430789078,-48.71750970576527,0.368999555877911,22.188894,8.949883,2.0008173
5942540085335661952,250.73092554587757,-47.534618591929586,0.37634475591981514,20.57748,9.818771,0.51331806
6056404581808869504,193.4328072795251,-60.37482427350684,0.4886348995060408,29.578352,9.755551,0.19180107
6057775260485642368,183.36728193629617,-61.60710058072708,0.40538621603538166,29.883125,9.591511,0.4387331
6057820718424847232,183.9385531313929,-61.12992968844522,0.48429492343441544,25.742922,7.8491693,0.38124418
6058065875159712128,187.28959178798337,-60.804874851690684,0.48968157054759526,20.960775,7.7633867,0.14114904
6058510765049380096,181.53197557369728,-61.25689621893471,0.4963594297262935,23.365625,9.607473,0.1548338
5341109698844631040,165.17758485356495,-55.35681184597955,0.4768110744574911,23.427753,8.477713,0.076247215
5341340287059147648,178.82847472855119,-59.951779579232415,0.4876844597967165,33.622364,8.534042,1.6840172
5352640414730691840,162.8208667309438,-56.4102701147823,0.4021169974777706,25.017046,9.40625,0.39804268
5858520629470074624,195.23742946426873,-65.84962591333712,0.4046805571541131,25.015617,9.428898,0.13189411
5861181516334077568,186.25686528796697,-65.20056193346926,0.3872295645100322,26.90459,9.8021755,0.14144611
5862189287447267968,199.7079797142735,-63.42280838958314,0.48782841329734067,32.21567,9.643899,0.31995392
5862288793212243968,196.11869780171125,-63.93268178719308,0.447346968894079,33.450645,9.717835,0.75020695
5862412105983116544,196.76825364095257,-62.991796780255946,0.4811190545071112,31.132477,9.249245,0.96025467
5240904332264599936,166.12141217122314,-62.96213726705385,0.4152906888536481,20.194399,6.8154945,2.9734507
5241809573942770816,165.40020119516828,-62.1077543826113,0.3178816854264502,23.899286,9.070328,0.24405289
5242182067868998528,162.2846396079031,-60.715760995513264,0.2800231189535479,20.019558,8.890253,0.8027506
5252002802631982976,157.91457757059604,-63.24730841581167,0.45552525717346704,24.521557,9.472866,0.08672047
5306857403370986368,141.52183243961952,-56.34477187344358,0.4507368361300482,34.740128,8.478027,2.0899758
5312318402746795776,141.59294724688849,-52.97783012597222,0.35304538307635275,26.854311,9.513763,0.49808502
5325673208399774720,138.9782422099348,-49.97347130012093,0.37358731152978997,25.455395,6.763301,1.9642773
5328721157722797568,132.9539878942769,-47.70550463733556,0.4638362120732513,30.294203,8.469732,1.8966165
5333580930403062016,174.4934608424893,-63.31651210474922,0.39901872239257274,22.50311,9.236103,0.08843231
5333620478463337856,172.91667440726033,-63.42508260631787,0.43001326854617056,30.559475,9.600203,0.18382645
5337387233518598400,169.66981545503484,-61.15780930813358,0.4683734369283365,23.15109,8.912229,0.13384819
5337718701924104832,167.6117191585202,-60.22858813636848,0.398662021062511,26.405365,9.525239,0.20185375
5337866929838758400,167.8604902101347,-59.34645991779041,0.41407638519285733,24.121538,8.443394,0.2800331
5338644937391267968,166.64392441851822,-58.92010942267863,0.3778491345183542,22.574192,9.638248,0.17588902
5350702903428514688,160.6141149591365,-58.65900722292183,0.305222605691546,20.671196,8.62722,0.92513657
5351147518450917376,160.7681756013599,-57.72795120641041,0.3934847056634644,22.593801,9.589258,0.23134518
5351448647193735808,158.9941921968052,-58.20896467170929,0.44410033110671215,29.378284,9.016785,0.33600712
5351721704024729856,157.3449445500836,-57.61700545242724,0.44919942873165636,22.225466,9.421731,0.64342785
5357563512384955136,156.18358861610972,-51.803100312039504,0.47833569447267316,30.989183,8.981683,0.35035133
430900604096632960,7.6001734215618475,63.68132010837219,0.29859994671568596,21.105001,8.55895,1.5779777
455960604396858496,35.211987624819436,55.327597815595,0.4407891392019829,22.603691,8.998204,0.1993742
458407601884432384,35.54045616995623,57.11730198005224,0.39524486295095174,21.964842,9.318169,0.42576504
458489068827059328,35.70767865276969,57.51171102206095,0.3779294237513689,21.030931,9.351309,0.5776148
458762022584923136,33.99456359473956,58.293613791646194,0.40456099758125735,22.121202,7.354769,1.1407909
463932269854231168,41.0282302549732,58.32626871854462,0.39635996408918006,22.692568,8.42207,0.82493496
506786628903587712,31.94306783911095,58.666299650877285,0.45591628399334183,20.784462,8.195932,1.1585875
508035914630326784,30.187821507297457,60.80908374240297,0.4324614456110207,22.5719,8.887216,1.3642702
508258187778353920,29.33192515059352,61.130697548660386,0.36507589647949445,24.503653,9.091338,0.85265255
510294822605527680,21.293512297987444,60.877266501601355,0.4110647814721789,20.337288,8.351047,2.7847753
510935597364293760,20.24718921040438,61.95262984952038,0.3954196472016882,28.945671,8.6517315,1.3430543
511216526891152512,26.787126166899384,61.198452840684425,0.32971883932625956,25.681223,9.231881,1.1723719
518166466865478784,30.192833700382643,65.18911241298797,0.25996307313844885,23.021042,9.535142,0.9482794
523424885526785536,16.74889659339588,63.773163258216556,0.3662722362950631,24.799847,6.8943305,1.92205
962832269338087808,92.92087189476683,44.998949103648734,0.4771689198102992,25.482449,8.894727,1.1399755
1990578154702719744,344.3007951103347,53.909020922452164,0.4312831826648381,27.756046,9.583826,0.27781296
2004736565940587904,334.5355375622568,53.28379308552881,0.4801540600518876,27.947989,9.772698,0.18637276
2013840762729392640,349.5536732311215,60.15320727569633,0.30705579903509633,25.279741,9.38705,0.983202
2082047179854088064,302.46073075508076,45.402893742181334,0.33970070855229084,27.67201,9.269609,0.95987034
4961165724893425792,28.121552217417833,-39.66521845072873,0.3549260452225246,29.277294,9.227561,1.5197153
1955373613440190976,333.9760002642482,38.85702409626961,0.44824700718302407,24.526213,7.390427,1.2340598
5588841385227648384,115.41656834555226,-33.831661263092236,0.2786097603981633,21.613253,9.722955,0.6354275
5616922667384479232,109.83674680668399,-24.687519965319048,0.36676693147439654,20.096838,9.791196,0.10893154
5619923204561849856,111.18242532318732,-20.937722596812,0.4213504761160419,23.911457,9.880077,0.10256672
882467280835147776,117.70319496946254,34.142556348002735,0.47410864698123323,29.155313,9.204085,1.6193047
3113515083860636288,102.00027731546638,0.32205097116537085,0.4847260216917072,21.015034,7.7941685,0.7582593
3329179238767059328,94.25719769077836,10.136362266350224,0.3825249940748904,20.47704,9.084845,1.7360115
3374390259249542400,91.74777282852753,19.02486477159454,0.47170718968606884,29.624762,9.358198,1.1492901
3382535411325879552,98.27348583720075,23.343497443648268,0.47150726199636644,24.603977,8.965495,1.5093422
5660878702718068864,148.4134337838607,-22.835770143702078,0.46654869978792246,31.573624,8.9863615,1.4213657
5701290535342738944,123.13943934625378,-21.041214230280936,0.4275763361266763,22.475073,9.112255,0.3057499
4066736891420614528,272.75870953550066,-22.31276276720266,0.4590425933263048,25.709208,9.655437,0.76164055
4251932896344030848,281.24073783609845,-7.57401667213238,0.49892202284707327,22.331924,9.3724785,0.2832613
2020106604616650496,295.5477809975534,23.433454646260454,0.4806058182330956,32.3786,9.162943,1.1199026
2047053607414291200,296.0357068974576,33.936956578729315,0.4716138058154886,26.891144,9.70863,0.13667107
5868634865106902272,201.0770444316782,-61.61312089508829,0.4792206068109503,30.058447,9.145465,0.19654942
5935048356693238912,243.8643148439093,-50.98362835422176,0.39940211102554535,23.968897,9.5638275,0.5193577
5941483763901305856,246.1225232189108,-48.81975559274891,0.38949588609116137,23.901102,9.736084,0.7082243
5964255847973432576,252.6089024980283,-45.00374418203377,0.430182828765554,29.571337,9.036151,1.2724752
6054619146723196032,184.93638586158042,-62.77226588215525,0.3422078226997693,22.361862,8.487336,1.0593462
6055036750644395008,187.9322065665674,-61.038767859690914,0.4459684529302287,25.10629,9.5603695,0.16411781
6055062215560510720,188.3087563772436,-60.94564479427504,0.45384180468482693,20.99801,9.918108,0.07533169
5865063307704602368,203.68082704352446,-63.33545833016244,0.4917557951912432,22.11443,7.344445,0.34910393
5353066097519477376,161.7477232886799,-54.83125427664887,0.4247970316569048,21.146925,8.812512,0.24926853
5239978406027043712,168.57501418111724,-65.89123952530586,0.41609097379972904,21.831415,8.454564,0.29034138
5252125913575108736,155.8730202362577,-63.44592085887217,0.3989743118472277,21.664766,9.818978,0.03919983
5254510651220051712,158.5712833423879,-59.82281670702539,0.4223133502333959,24.297338,9.588328,0.22189426
5255362257330987904,157.18146891504685,-58.98438833747113,0.4196949831282579,28.951683,9.819082,0.110547066
5308289792157627136,148.160129373572,-54.318747557948804,0.42716780092155837,33.255238,9.209142,0.38881874
5329838158460391296,131.22275782118206,-46.342960465465616,0.49018001723790955,26.205276,8.120997,1.2560558
5333168025109692416,176.83716844079547,-63.42753376629595,0.37148697687067056,20.947762,9.4688015,0.16520119
5334109486264601856,174.44959753659234,-62.46854260460245,0.46528306407730347,21.10996,8.014066,0.06882954
5334208717181448448,174.08900342298804,-61.58750019580861,0.47865092466074466,22.81887,9.61284,0.028494835
5334449269746243328,171.3040370495028,-61.36914764711363,0.48472022687083294,30.200308,8.397615,0.9124255
5334558087036932992,179.85669155825312,-62.830942734774645,0.4260087176414589,23.052124,6.260658,0.54437685
5335072898999892352,175.74726094188898,-60.65327896718138,0.47245730515594053,25.18064,9.216538,0.056001663
5335167353916355840,178.14354720737683,-61.2090981010649,0.4806483569644733,22.47303,9.635097,0.074718475
5336591221464162432,172.26609752993144,-58.79183797692274,0.44685989491318373,22.947323,7.4034286,0.44747162
5337163723416263680,167.1154792098097,-61.6265249192038,0.40232502043800644,23.92215,7.715226,0.6971173
5337650016801206272,168.29335027291927,-60.63915938751008,0.3536001865780931,23.216,9.598958,0.24889183
5338499080303807488,166.76923817327938,-59.791617547849356,0.4236256830692636,30.774254,8.462558,0.4295168
5338525124987627904,165.46777160887257,-60.01299282885674,0.3952956121137517,21.7545,8.7838,0.19416809
5340327877368469632,167.24689279549764,-57.419836852180104,0.49748505394274867,21.783722,7.7426214,0.5759611
5350358481418098944,161.28420677583,-59.680380329079846,0.4428173241358003,22.096712,9.479294,0.2369709
5350369648332460288,160.39783475442678,-59.66250636338921,0.45264862816302237,23.817856,9.884589,0.05915451
5350396620729366656,161.08165573574374,-59.28298913157747,0.4141171451372058,23.166563,8.381301,0.6451807
5350618722067414400,159.76214582893584,-58.81558716721569,0.4052431738950279,21.164722,8.306536,0.3854561
5351451258533646848,158.73313303488862,-58.18671589324591,0.3972580856901024,26.149605,9.011616,0.28879642
5351545743492424320,159.15912050929666,-58.003353614340945,0.3802554073349695,21.500086,9.514818,0.18947506
5351700847662617088,156.885634955389,-57.6561552971635,0.42639358449127757,30.64198,9.592877,0.5431614
5522106767507224064,130.30656847735048,-45.27720464294235,0.4610116135895619,28.351852,8.364311,0.6038952
5290612428287844864,118.62607720277543,-61.57721964355202,0.49218999029295457,24.594753,9.555255,0.0037202835
6383210052064674304,333.374943920802,-71.50389659715267,0.4507346709096203,31.627756,8.605069,1.7327876
233167456611311232,61.28270498132759,44.27823083348584,0.4358181695318224,22.765642,9.209154,0.35939884
261548119462093568,77.66762373902333,49.68760306511437,0.3927382134717123,26.268364,9.128825,1.3937302
413848381341936768,19.749693817318338,58.09957480023615,0.35955024869953756,28.253147,9.739901,0.42547798
413879197721080960,19.637787937730458,58.375143623814516,0.3501010782783519,23.770502,9.465756,0.45412922
426588319491290240,15.70157674839043,60.86063261041722,0.37554834525406944,24.354147,9.834153,0.25250912
428839329030983040,6.64980234014795,60.798170099779405,0.49804554787445965,34.370777,8.70969,1.4839234
430597379407516416,6.041066044098809,62.62330580800115,0.3712366237956761,29.595161,9.424394,0.4269104
430853874851910784,9.09275476405015,63.444051183394265,0.30388141054379264,25.514572,8.991236,1.3059444
458456358355233920,35.48097631632931,57.24291124391237,0.4509166480995217,23.948694,6.234268,0.8735075
459303222822598272,35.544576607899394,59.54968822828394,0.36830799539736264,23.780865,9.094711,0.61362934
463988100127727872,41.26460504972376,58.55126043848099,0.41199791477912284,22.01248,8.34129,0.982707
488401076493662592,54.885762042560465,64.80502818031569,0.3860150888902861,23.95313,8.409394,0.8495765
494602940548320768,54.34188612064323,69.5018343225228,0.41174040933837996,27.659897,9.266967,0.4480543
504980715412488704,31.201830258061065,56.26200598851077,0.4216581564824214,20.589884,9.693987,0.29709625
505330944226962304,29.461033730839503,57.45351283601929,0.4366952514137673,22.279676,9.874639,0.20041752
506893178451062784,32.766864472809,59.009216159848656,0.4926455146578465,26.90313,8.598255,2.1309338
509354366511173376,22.92631771745571,59.378050318645144,0.33574145299835884,20.898499,9.424838,0.4379177
511873794323656192,29.53315283667252,63.031182644769125,0.33718005644101606,21.142838,8.603965,2.1664681
515011937951440000,32.628923452281576,64.09198593375886,0.2991336335163839,20.033396,9.458127,0.88285637
522526030474377472,17.388147907833368,61.38581124132099,0.3996798906973631,26.460701,9.315278,0.35314655
1978717654066668032,322.53153441347814,48.83177605720224,0.3699239477533626,27.876637,9.32237,0.9981699
2001581379883984768,335.89842796316384,52.47249617940026,0.4883182149692172,31.104849,8.716241,0.40204906
2006802818856740992,338.8738490024309,56.332344345802454,0.4746303902193749,26.353987,8.51331,1.6132774
2006873020111669504,338.54694655576685,56.69388324134481,0.2513044733293104,21.229607,9.553371,0.7043314
2012432631927515264,353.8776096769745,60.91282849023405,0.3163555490763349,22.490515,8.352459,1.1460319
2071470359021172352,307.33408154056474,46.66637729366538,0.43871635563796463,27.973032,9.735304,0.6118946
2153213619706962304,282.8063451215231,56.31758442139941,0.44243243881181515,31.346235,8.919765,1.8036184
2166920711478078976,313.37075634823077,47.77604267452467,0.48046284714686144,39.34623,8.746776,1.966197
2167464561728462848,310.2549609963734,47.47740047152768,0.31599919540330745,26.965439,8.886894,1.7060685
2207517777453003904,349.63707807649934,63.50142234910052,0.35622048745110596,22.292292,7.907915,1.6299868
3031578785863502848,110.49057176504515,-15.08552474568876,0.3537658032491063,21.410528,8.934855,0.7523384
5547121000636602496,123.82997087739022,-32.79064249121226,0.24933449549229417,21.972425,9.275973,0.8108549
5600419070876749440,119.30224751916948,-28.51469050368939,0.49644070658988043,29.517887,8.4734745,1.6269689
5614440176282501376,116.72409938379909,-24.675862712977892,0.45247183506839694,21.810453,9.958004,0.10818672
201509768065410944,78.1634523744642,42.831780076645465,0.42681548207344705,21.360611,8.798152,1.3756104
3035328395393464576,112.80399986248797,-10.283584049022831,0.4291723212542048,20.96444,9.42161,0.05091667
3051663053675278592,107.36185448769967,-7.703553027860473,0.46725047599226527,21.966469,9.554661,0.5128803
3112818749402495104,105.94662551012533,0.2581106646968567,0.4771598274000898,28.822535,9.238821,1.476759
3455980790899251328,87.12354041544967,36.21148850990665,0.49312528718822884,24.483772,9.020031,0.4294262
5966724152801437056,255.761490856404,-41.59112465917454,0.43758397375807156,23.116426,8.549071,2.1421537
5972812973334855424,260.3158255886848,-37.985989314159255,0.44932223485792916,27.04588,9.207628,1.5742922
4215364067217948800,292.53037774954976,-0.1523313109615627,0.44657635644733296,27.217276,8.826816,1.2621918
4604140074424322944,268.025329512008,32.679337856500034,0.4482853690950061,31.647923,8.495171,1.6053996
1821545902878821632,297.5825518746304,18.577152230068187,0.4864447372718718,20.040766,9.914354,0.044633865
2028313599958818688,298.03367041571477,27.440449523105425,0.3942636599922852,21.021765,8.559516,2.2911787
2031445627570826624,294.8456665283969,28.437197063735784,0.3256682421938453,24.590065,9.722664,0.38903618
1870290998515818624,311.55271512437173,35.540412162288234,0.4369864712488347,20.455927,9.389296,0.025901794
2059150640497117952,302.29899948226335,36.04851303926834,0.498815120852312,35.91557,9.385698,0.38526154
2060661846184974464,304.25009548375414,37.42324941525781,0.44921026871975195,20.083118,7.930354,0.6024966
2060855158390686080,304.12435364444514,37.643107897919094,0.4927287410580866,45.86354,9.670052,0.51775455
5863597486917668352,198.29889549232936,-61.08924083821038,0.43157439979380063,24.82893,8.690205,0.3609953
5869317416961445376,198.9367221196029,-61.864680430487056,0.3144802697212592,21.90965,8.763999,1.1378717
5932650837274356480,241.3831700276925,-54.9434245094896,0.4731175809205773,24.227766,8.511859,2.2516088
6054614851755877248,184.97371566989804,-62.85418196407761,0.3862607249105403,21.11682,6.7329917,0.4310012
6055773977495611264,195.6979085518677,-60.74289319808183,0.46350722323461335,22.436165,7.712776,0.4472885
6056407639825640448,193.44693299651817,-60.33204649322822,0.4719984005475441,21.760487,7.885232,0.3254738
6056905718598257664,194.60662991230623,-59.25177651947425,0.4855143590734822,33.57735,9.489681,0.5008087
6057410428800421632,182.34793634921778,-62.42071704775323,0.46222424849205196,29.350529,9.6987,0.14015579
6057721487503150336,180.78117390287713,-61.81863055034503,0.47010562246465093,26.238575,9.564663,0.14502239
6058498258103593600,180.59743493477734,-61.451462188062344,0.4962472700077954,31.865551,9.319141,0.26990318
6062033664690370304,201.300136180158,-58.91697050962639,0.43833551778877483,20.457777,8.756612,0.18964863
5867147706870712064,208.6837536350535,-61.15170241895471,0.3876087721471567,22.634504,8.795077,2.24404
5881100234598293248,222.39063561022257,-56.42735939270269,0.39177201467116407,25.04621,9.119715,0.67322826
5925439896388012032,260.2691264298741,-51.12067438544117,0.3743926636496028,21.205297,8.948505,1.4654446
5847849250605137792,214.42043830398268,-66.93140800530514,0.49339234232772267,28.692152,8.682561,2.00132
5856960216266329216,193.79243031427893,-68.90679268637989,0.4555282765243759,21.24031,5.746269,2.3629065
5859525754851075200,182.16908115407472,-67.80760435599332,0.32781938740232575,28.67088,9.2325,0.92001915
5860093240314276864,188.21838427169843,-66.22335587632504,0.43077268408987585,29.62321,9.612099,0.2018137
5860823109898623104,183.2609236097956,-65.66986488822471,0.2922052890064555,26.885874,9.326761,1.0719137
6053078387367106176,183.9010992413124,-64.75058942956359,0.4224815114089145,24.059736,9.675655,0.10762882
5235788304651691520,175.1879849105933,-68.15732588449715,0.4559367579966128,35.091217,9.230195,0.566473
5240227823368714112,165.88019487330746,-65.39481984246096,0.4300407259855294,29.925028,9.937326,0.21695137
5253795384552296448,158.01836868113614,-61.782616102806756,0.4415188061328064,32.745888,8.865255,1.1699877
5254233746098029440,160.60041210457507,-60.4825366816696,0.2945920966618861,26.767416,9.544073,0.8918476
5254467426675064960,159.22916817997373,-59.81849600244137,0.4101223351683524,23.311953,9.93538,0.080836296
5258301251899019008,151.33552651040193,-58.739063043860234,0.4086086267785233,37.744377,9.407776,0.64432335
5308764575005559168,145.27350379046723,-54.92422408106803,0.4668758179024286,42.84913,9.743035,0.44405174
5310704319687547776,139.8083648173308,-54.027223150730265,0.37504527561269707,27.54018,9.733957,0.29380608
5327075704197383168,136.46383477472477,-47.76855218282507,0.4518897728757389,28.028435,8.498516,1.5986404
5329902582960732672,131.9765512361505,-45.92161522007763,0.4536839144694552,23.163113,7.169584,2.9476242
5333209501644829440,175.11546247878206,-63.21377774669528,0.4756611201690969,21.255592,9.514515,0.1542368
5334137248935110400,175.0324654294404,-62.00427264905323,0.4523396481837922,34.683403,8.766965,1.5276895
5334245756982868608,172.3760974038967,-62.37485915335461,0.4218418210463595,28.331518,9.7950325,0.15319252
5334545820608263680,178.9101444875089,-62.88409044073976,0.32570849911339417,20.25077,8.5851345,2.1986303
5334607943021870208,177.71055737706516,-62.64594219252113,0.47134733895578046,25.676123,7.6820397,1.9590869
5334740365455456256,178.48189252666876,-61.9180975566293,0.42222881467397266,26.624382,9.8117485,0.1629982
5335027024392906240,175.8386637769719,-61.189214012855146,0.4808036994177733,28.047253,9.864344,0.28035164
5335711401665839360,173.95233313330252,-61.48865830147543,0.4858937425931322,23.305262,9.677443,0.011586189
5335811736452738688,174.58729645235712,-60.654111196115664,0.4729417006004665,29.489399,6.9300475,2.018958
5337293259635132160,166.33351756734885,-60.82826373270205,0.37213979695794475,26.108715,9.690676,0.19996357
5338449533560603008,163.12621152239072,-59.088711895095464,0.41793144590278375,24.319729,9.331456,0.097421646
5338535913946566400,165.69250169290893,-59.740982933382774,0.43387806644733173,22.965984,6.8552966,0.54777
5339214621853946240,170.6957728807793,-58.906392313646016,0.44170858685582537,23.570816,7.900771,2.1048632
5350347142704520576,161.06229731136668,-60.00156976314989,0.39602975588553774,21.79308,9.639096,0.1651268
5350349101209092224,161.188448899424,-59.91152127380973,0.40545122276712325,26.619047,9.181426,0.4566307
5350392012197117568,161.3231502969649,-59.39373094051722,0.28053900025686346,20.533447,8.815608,1.0954981
5350401534171661696,160.75637190800063,-59.339921408449875,0.44714966440617376,31.193335,9.365457,0.356637
5350636829651247872,159.10075962852613,-58.9525518765562,0.38845189122823287,25.357885,9.413401,0.15155315
5350797564511165440,159.6514950530794,-58.04146822217578,0.3978209151311156,25.029562,9.271644,0.13694477
5350884219780779648,163.10220275005022,-58.252257235542295,0.3737011879079937,21.581245,7.255923,0.41828823
5351683186762685440,158.05265298835826,-56.71852334746642,0.40662878325405427,34.322704,9.420045,0.6816902
5356503033425348992,153.38554674327565,-53.68537104189783,0.4496809739329834,24.989285,7.9984026,2.1598516
5356753584634171648,152.42880842819415,-53.405824401312124,0.4147875195838036,30.871172,8.910467,1.8939066
5427128754069095296,137.4060259703249,-43.88866667712742,0.45625335461574434,39.542458,8.760744,0.9938593
5522306019626566528,130.19908438921945,-45.05837165994448,0.4429759908963025,26.388226,7.4521995,0.37282896
5620657678322625920,135.5285587975077,-40.55465296117549,0.49623999190934365,32.731384,6.7351284,0.72045565
6394428541002729984,342.0310668213761,-63.06340150742623,0.4866632207240494,36.036175,8.921185,1.4868402
385969370656511488,3.8177529595997393,45.17920424492089,0.4891241713479364,20.597252,7.863288,1.5584002
423076307551376512,1.42175362735491,58.495410398065836,0.42606200336949057,25.936695,9.705017,0.673172
428848537440595456,5.996603161693842,60.85063978686527,0.49340467260340226,32.248417,8.535496,1.9679799
429320468450276864,1.0637897804317278,60.155003751540725,0.4803500616456755,24.011082,8.743817,0.12164211
430381943846423808,6.640754877626246,61.41256925369922,0.25159408488197305,24.595625,9.006338,1.0062466
447217013048924672,46.997219211723504,54.349226649573396,0.38943269277438336,24.815731,8.911204,1.3469028
457353475166420096,37.69045617544636,55.94811444055165,0.4153557511024456,22.583366,8.684721,1.983717
457640417645156608,36.33496529125425,56.85384548561041,0.4179233488537825,25.108534,9.534845,0.48329258
458374719617260672,34.78851120538314,57.13508738007192,0.4009815393031285,26.408066,9.187903,0.5800352
458438869247190912,36.19305441286389,57.4642032684234,0.40801370187083824,23.409132,9.016433,0.7816181
458453334698292096,35.43082725563755,57.12577281697557,0.42026467614039087,26.160349,9.3778105,0.4485693
458454880886508032,35.47058216358907,57.16636906544936,0.42492654504906935,25.58566,9.715952,0.7062712
458850258392581248,37.431732901165454,58.1252223459953,0.42021322394476224,27.025293,8.692455,1.0297766
465503094013753728,37.71397019419375,61.17777015396742,0.4203776689482081,22.294086,8.138341,1.159648
506096582274786432,28.485334177188655,57.53803078481096,0.40994643629923005,22.474247,8.733268,0.14978981
506681213224331648,32.26028722232793,57.93221505602462,0.43371213091350086,23.978668,8.93115,0.28850365
507785054178237824,29.962025861773057,59.16083981001123,0.4155269009181974,20.0802,6.969913,2.0612097
509457651889005568,22.31376234068105,60.03566741565175,0.3997000571659582,24.149937,6.87046,1.0557423
511080702841800320,21.14258386519687,62.78870851636535,0.33988349282054076,21.157139,8.395943,1.3251004
512492475775038848,24.004625128716764,63.639788225665306,0.3354571150788896,26.449009,9.416205,1.2120571
523066341658962560,17.89294093464143,62.728655858383156,0.3757831056999135,27.575005,9.189296,1.3505716
524512817926411264,11.214114392181726,65.26527527548495,0.3644506249212144,27.497452,8.921614,0.8371086
818775046138957440,139.9019085778294,45.32100196823165,0.49341820262195296,31.702875,9.101529,1.3627672
1977074811892425600,332.26206158309327,51.045844895971065,0.4085105013563146,31.675877,9.062985,1.0395851
1978395840751508224,324.4077294894741,48.11545316020881,0.3978095512641228,24.057953,9.418711,0.2169199
1999570304390418944,359.3754603883466,59.95190209168991,0.47677713614458334,33.59126,8.732686,1.2678299
2002970647181262592,344.2682311405595,55.68615574617216,0.44582467971391215,32.25102,8.809606,0.45498466
2010065383399085056,345.5197126455065,57.54611133691908,0.30639809371076954,23.895388,9.578834,0.57226753
2012943247697381632,357.1495164608035,62.24597134755526,0.33613440662774874,28.52756,9.284235,0.58173275
2164005463792330240,317.84329129501333,45.4964723074076,0.42903948503618455,23.793205,9.479825,0.15034008
2167467585385381248,310.14044145172653,47.50708398924982,0.400859621697579,31.022234,8.756949,2.1039457
2425521212060616960,8.309697122743744,-10.728571584347911,0.44209538253892156,22.745192,9.007774,1.4898214
2936257351151593856,107.44987497642762,-15.043332060927991,0.4307093812695765,27.191143,8.861787,1.6613073
5594491019573486848,119.51799403921684,-32.10626238569315,0.3062926494256655,22.244608,9.064446,0.40534973
5613972681993587200,115.49583823728105,-25.87616986726245,0.36847880255486304,24.560425,8.773934,1.2842026
5619053181625683712,114.66349933501715,-21.874259532990884,0.38022831989457395,22.93938,9.404499,0.165102
5620368742979539456,112.67794880803709,-20.317867418761615,0.34583771871837726,22.304255,8.714204,1.9261675
5644412317810738432,125.90737983879366,-29.501210029213134,0.33937003985464836,22.219969,8.839533,1.1077919
205148292560021376,74.06452875327595,43.409155128600595,0.40451434268598924,22.55395,8.716922,2.045619
3045550318776896640,108.11226949012388,-10.98918297143994,0.4037627407184708,25.747757,8.375561,1.1713367
3101528757856546944,105.64132976720067,-4.6347477915925825,0.4486433997335624,21.590313,7.2588615,1.9267974
3124087845933812096,97.57345285055196,2.8478884735966123,0.45656904175231555,20.929512,8.840057,0.49553585
3130845757936256000,100.57433492296414,5.329646992645918,0.44750053575091925,20.121017,8.014921,2.037753
3359027607907681280,100.33520895033497,17.549267666461077,0.4737745829767223,24.60553,8.93537,1.405468
5436296928693979392,143.4618762663071,-36.61573570506122,0.29453645986855004,20.703907,9.19914,0.95090866
4041267323039671424,264.8751344219878,-35.21994753356002,0.3669456623942661,21.407207,9.418181,0.784709
5960430891885472128,261.6137487951555,-39.49246540062674,0.41152290176308015,29.261059,9.374262,1.346631
5974125034302883200,261.2474372437632,-37.759626231071984,0.38334966218928224,21.488018,8.921965,1.2085485
4104173617487595776,277.5052911990336,-14.208853126118173,0.46214316562381486,24.376705,8.924553,0.63936234
4152709943288254848,275.01599333265017,-13.055561347681268,0.47623405198106683,29.293795,9.21436,1.5835142
4153933111306297600,274.5139290715437,-11.294128645012037,0.49763026382032166,33.362183,8.91751,1.459671
4253238635101219840,282.2185394719823,-6.344769853056997,0.4640383491574584,24.046156,8.276434,1.4610968
4554383531135063936,260.43810694173277,19.197770288501957,0.35445707517311414,24.278057,8.924931,1.5077152
4320036405939693312,290.8496922835393,15.215861873856088,0.4332710995643997,29.856081,9.23753,1.034812
4320890279808583552,290.4951900372934,15.86582771803072,0.4208600655750153,22.940413,8.5136,1.4595952
1819103269031166336,309.7603859824495,23.080754974158474,0.49949429181143834,26.673784,8.523966,2.3948488
1826779715652204032,299.5304478822381,20.965770121278464,0.4735728957965454,36.872448,9.050997,1.2928495
2032127634004036096,296.4664362353997,30.264149873868828,0.3735202774838673,25.30297,9.829396,0.27808952
2059183076091630208,302.5276094444127,36.27409343283736,0.46965709719783494,27.277885,7.085081,2.643046
2060740946627370240,303.44383383690587,37.29996520179959,0.48638504240555086,23.646553,8.750231,0.38861275
5868837243965755904,203.77026499214824,-61.2317009783087,0.4342547141384885,33.832756,9.560323,0.4274187
5869040241303873664,202.9858238324872,-61.033464542156665,0.38398603391565883,27.602505,9.595575,0.44482613
5869321299611877760,199.06714104094266,-61.7622720779209,0.4656242601320255,38.38519,9.602744,0.6290169
5869546428991037312,200.4011323564851,-60.52077138746885,0.430148092272264,27.097261,9.554547,0.3653555
5932569988891617920,243.26675334119378,-54.20520377001531,0.4685636400250019,21.477041,8.394623,2.000843
6055035243163928960,187.88381856390922,-61.11626681974179,0.4718596090226322,24.530264,7.1514378,2.4508166
6055563970788631040,193.57473861145002,-61.07685386035031,0.4814989439320951,37.97794,9.023146,0.9516535
6056407605465872384,193.41317547025238,-60.35357243582421,0.4991490194890138,31.521105,8.627407,0.24552155
5865047742816838272,202.6588587894186,-63.3985682595633,0.3687968603084691,28.393532,8.82508,0.89746094
5890758550863785728,216.9335854837844,-59.633274901348095,0.44427413985832315,25.00001,9.643289,0.382473
5241807306200303872,165.47057640483533,-62.05427153215495,0.3336318754903787,22.375786,9.513855,0.1863718
5254232367365451904,160.77494650883742,-60.570792022605325,0.46861205012787,28.471027,9.435078,0.16615295
5254389601888854912,157.6937887337763,-60.33083751102109,0.4215368678428612,35.31486,8.918417,1.9217443
5255422077627175552,155.9789787291154,-59.51327759302739,0.3837843996837845,23.393393,8.253207,0.5393982
5257664497238811776,148.8589534762194,-58.42968844947177,0.44729421076316295,34.04643,9.092877,1.4073668
5308162042640067072,148.28190685933205,-55.02066450194052,0.4240152589334819,23.794949,7.314222,2.6988993
5313552329661749120,140.1653128240228,-50.919001136322315,0.4926768769455737,42.932655,9.036023,1.4818258
5328798673290708480,133.75184216421655,-47.41593934303095,0.4553857098693892,26.190313,8.499874,0.6305027
5334206621251191296,174.11815270983917,-61.66513878163599,0.46179042718787644,23.638426,7.061882,0.23143625
5334233696714304768,172.49377683823667,-62.601812521957754,0.42998585483296453,24.085224,9.71317,0.06146431
5335391173244578176,176.88670768864714,-60.62265723787094,0.4971559612979376,22.481565,7.8883243,0.16039467
5337281783481057280,166.29468445914313,-61.17637791231777,0.39424321100738396,22.067623,8.748295,0.032445908
5337460247965506816,168.66596324543207,-60.66010549007215,0.4232404967198339,32.65282,9.477832,0.31691456
5337611151596697728,168.28035292872391,-61.11390181450902,0.40888344479969946,20.99431,9.494685,0.17376709
5337634589276921856,167.68575235563773,-60.75027226503689,0.37823669897906,31.382715,8.858985,1.2559938
5337748285660518528,166.829268405623,-59.81706580120302,0.4013945587001765,26.504662,8.462443,0.32711887
5337854590344636928,167.10224757704398,-59.41260030533938,0.37893202505636275,23.306751,7.4011145,0.75722265
5338073741099312256,165.9394854232279,-60.57954149351315,0.44635871863785265,25.427412,8.531116,0.20188427
5338230387149588480,163.28427363393337,-60.49672569739731,0.33250348756294396,27.60009,9.242751,0.9339113
5338271309601852032,162.36467412820986,-60.294659779907505,0.4215475286064738,26.01253,7.9695387,1.0006299
5338480727853897472,165.65569970514844,-59.89313025237691,0.43407962195344874,25.80805,9.701088,0.13394737
5338495403810456064,166.23979538885527,-59.85889048095226,0.3974145501895177,20.880688,6.492306,0.3694768
5338822645955553920,163.64434522969262,-58.800260879780055,0.3546584742872443,25.479033,9.273052,0.23547077
5350289933736400000,161.80258336590805,-60.09743980162163,0.404940413954301,24.043243,8.168925,0.629374
5350718743267756160,160.26695325954086,-58.570280446315635,0.42288557965931467,35.25516,9.294187,0.44572735
5351695521903089920,157.20634540260812,-57.76601656602853,0.3542554320124464,23.06966,9.600746,0.22105694
5351762935712492032,156.34451859136615,-57.566635665311374,0.4271512543226379,30.923407,8.454759,0.9308286
5522604674471172736,127.89253747060201,-45.54292194047419,0.48879866791178744,47.102657,9.324216,1.4191761
5625488726258364544,131.85471462238868,-36.75069323907646,0.47847575013019533,28.03216,7.309309,0.58744097
5189111596481991040,146.11518948417495,-86.69342572820338,0.4985333163874417,23.096634,9.981839,-0.023546219
413876311504679168,19.845894006482563,58.305622751240044,0.3401539617665656,25.580261,9.740016,0.47031307
426210362368138112,16.654503326858876,59.60543270551578,0.4541134757558165,27.102238,8.722493,2.1087432
429302051629352960,1.701242745233434,60.600228123021836,0.4006555435219845,29.068977,9.6317215,0.7041311
441134308566671104,44.44101875797899,52.90106348649359,0.48117821827849233,27.538301,8.686661,1.2460775
458368603583940352,34.69973762901864,57.06727045461743,0.3864504714546202,20.891277,9.020182,0.55871105
458407533164943360,35.57370169660963,57.12350385836077,0.38226043056638037,23.516315,9.14455,0.48253822
509862031651190016,23.36751236423245,60.630041481952986,0.38060532500882643,21.31897,9.023682,0.33424854
511609705374126208,25.782309921184964,62.46058980256763,0.37998733666362183,30.544958,9.044272,0.79706097
513993584023087872,37.633705524330985,62.2894274971463,0.3941659799848759,30.318157,9.399161,0.60472107
517993160649371392,29.372440496437015,64.0411529698821,0.3354726980018969,24.767076,9.389316,0.86301994
524561333873143040,12.259330775424658,65.55039665006056,0.3782230520467436,25.772224,8.638392,0.8331804
526997301886720128,8.34199758498332,63.99803681775411,0.34783929410290493,26.834858,9.269475,1.2771072
1509607788238564992,209.83221897743064,48.09311063530296,0.4564756180626387,39.179886,9.332142,1.3577633
2007654601080023040,338.4222610359044,57.31829769553389,0.4650910192182727,32.61193,9.144911,1.2445517
2015464019852542080,351.4603999840081,61.43478798063623,0.30324185307788537,20.283255,7.505403,1.2471604
2166399100606630912,312.73736356225555,46.23688014704671,0.49256207368237453,31.622704,8.6066675,2.2683315
2360978195882981760,7.018595411029319,-21.294181640474328,0.4656420043502372,20.609701,8.986574,1.6451321
2767933116047505152,3.2962797975035345,13.834280113094614,0.4974056459926817,28.00014,8.833089,1.6405811
2931516183991060224,109.84704505980086,-18.151447085125753,0.4540567927453305,32.176346,9.307328,1.4559975
3028729680663476224,115.40197535125847,-16.298020458557037,0.33891712901010207,22.174547,9.009462,0.9182663
3032391329260326272,107.72691464213182,-14.357279000766496,0.42662939643705516,22.605967,9.6201105,0.4970703
5544377169362960128,120.708235005449,-36.746841114347745,0.28324018179644844,23.593994,9.000951,1.674078
5598084773329855488,115.21087015922463,-31.9428685152825,0.286878117232085,22.157984,9.350631,0.314229
5600436972300483328,119.15700059281453,-28.34800317085046,0.3927656966501583,21.154463,8.69968,2.33325
187279922937354240,77.78318491428954,37.30187468798146,0.48611990799411386,24.004658,8.699741,0.2951355
3044664146770344832,107.0600813024174,-13.268650195367494,0.4431117894246461,21.134705,9.00261,0.838542
3053433129962025728,106.80258290490536,-5.014384598711896,0.41067961832842625,24.045576,8.494632,0.558506
3128129792416288000,102.97347854593,3.686923534995701,0.3656698979832152,20.783356,8.732084,2.1579971
3424656293035086208,90.28187905926232,23.30484775313168,0.4931804530982667,22.644539,7.148981,0.9443655
3445129818021809408,87.28647340075909,31.83556768780252,0.47542017372797013,24.171553,9.516436,0.41477394
3453271766045220224,91.32187568692751,35.4745354922224,0.49211183349933696,25.573044,9.224357,0.35324574
5717953977661003008,119.1985163324519,-17.81037663078073,0.4943346051429484,29.327143,8.855458,2.1970577
5735915943202588544,136.22280688033803,-13.019136513449983,0.4446342230261276,22.360622,7.8328824,2.4407425
4096287335966405120,276.53005428799077,-17.789331644589083,0.4886854669083708,32.171654,9.653651,0.573143
6744073165620126720,289.44268284959776,-33.69007597686217,0.43034720668469,29.640072,9.346552,1.2630262
4104431212386419328,276.6688081782024,-13.651903828568134,0.47843878592152955,26.363823,8.9593525,1.1666536
2020105333313222144,295.70676277746907,23.463280790780512,0.45457961557486176,25.822206,8.528526,0.98111725
1827998902258573440,297.78409500807504,22.83175496642387,0.3702996275516306,22.529308,8.977083,0.69191456
2058966472307217280,303.2675914214793,36.03791471192235,0.2723416501498653,21.015924,9.221974,1.0027208
2073020563047553024,297.04062683094463,38.78928749672987,0.4903622226045639,25.537773,9.624884,0.002456665
5906166694481933184,222.89691790138906,-46.182972275271894,0.4922558935069445,27.051422,9.100747,1.501976
5835166315244078464,245.10275840716884,-57.39124139235901,0.4686144340048024,22.09018,8.228256,1.9818215
6055632793348414592,193.30525307759325,-60.73681019324816,0.4883556683259587,23.449894,9.266824,0.11730099
6058511039927375360,181.6777213301309,-61.24042907171523,0.49993442689005185,27.462503,9.772968,0.15611935
5873555415811235584,226.61096582219878,-63.70451113063304,0.2973852765778251,21.926289,9.004306,1.6296539
5874212447101483904,221.05184930689458,-63.268490091990834,0.49419216765488616,33.50314,9.335611,0.47105694
5877775139631251328,222.70281748939507,-61.54751916868073,0.29710838823204433,22.766853,9.59808,0.9458246
5335338809017003520,178.5132490273774,-59.99448210489937,0.4891277509905091,20.44966,9.900877,-0.042883873
5341357982325671296,178.25083282872785,-59.770222617402446,0.4505507618461633,21.80174,9.079076,0.117295265
5351331755370445056,161.23471883683916,-56.28954228003264,0.4210648601177822,24.038721,8.407365,1.554594
5358976006863699456,155.9090611247272,-49.46592491639449,0.35958914697910693,21.202772,9.050522,0.23444939
5858644599334681216,197.0588181032819,-66.01233740407945,0.420423238067928,24.978521,9.78701,0.24916172
5861201754222347008,187.8609156564705,-64.8809286731718,0.4878019913867443,28.658855,8.2471075,2.0288224
5241973779136054912,162.70925669207654,-61.74626759046499,0.413702154114727,25.148277,8.482794,1.881238
5253583110080870016,159.0691576435007,-62.215722594325634,0.38504734062750345,21.206446,9.675361,0.044958115
5257643984475127936,148.70607774748032,-58.631756331223784,0.4866726636637668,35.787376,8.785403,1.6815066
5310798568447817472,140.90789132683267,-53.281360697093376,0.4799823858737577,38.35527,9.892551,0.32951927
5333595189694057344,174.04688930437695,-63.28338383373787,0.4422902505527431,24.687529,9.682845,0.03225994
5333604604263853056,173.22217505165102,-63.64678806341856,0.45781706865823013,25.884872,8.315696,0.40402317
5333810487804114560,172.4287207205367,-63.387412012004646,0.4192646698195411,26.466963,9.921777,0.14780903
5333860240705973888,172.22569658031497,-62.65272506566931,0.4495698384573052,24.43936,8.261369,0.29212093
5333999706892089216,174.69587530872974,-62.707989433875674,0.4170603248702151,20.211199,9.997788,0.01781845
5334206689970675712,174.08786400861467,-61.65092151694718,0.483290753806036,22.015854,9.044253,0.019744873
5334208545396620928,174.07617391936535,-61.59509087770896,0.4522653710681182,21.197554,9.948819,0.0032367706
5334471534859214464,171.1713381659187,-61.056775740163545,0.4797818363492619,25.491678,9.626419,0.13017464
5334870515789879168,175.9874222135416,-62.13807706204058,0.43990884124090585,20.856825,9.060736,0.02086258
5334902509057839744,176.24584112979753,-61.81929159596685,0.48838252308147423,21.884727,9.562456,-0.02495861
5336571189735073024,172.07033261777997,-58.81045368193155,0.48495366912713683,30.501713,9.861789,0.1315527
5337239658437912960,168.01871643068006,-61.09525752390036,0.38812763163048886,20.378325,8.284894,0.49674273
5337470796415505408,170.58212970585987,-61.073467124855014,0.4665825347800602,30.57561,8.958766,0.34751415
5337927987086788096,165.81611865853938,-61.45420400339835,0.4318049381159119,24.647362,9.872526,0.08491802
5338298900474179968,162.7085144145431,-60.084965970266424,0.4802764666077686,33.37854,9.51829,0.16651154
5338509937981912576,166.25401471401,-59.71321795756102,0.4149130335786229,28.734198,9.589682,0.4277315
5350395383778733568,161.18276254012136,-59.35697463069849,0.39657627791919337,22.56017,8.303813,0.23928452
5351192147424690816,160.33874610251374,-57.66428007642761,0.38300320840188656,29.772888,9.32468,0.655591
5351739433649779968,156.97727357707672,-57.39404654179795,0.4005884096878647,27.729801,9.030765,0.5000248
5525970966757975808,126.23242154925849,-44.30081467729422,0.4644240299260304,28.659418,8.103605,0.7723546
274919005493398528,63.96338391822017,52.82057972363034,0.484056957757174,26.56636,9.036547,1.7944345
427350109251718400,12.56340855994367,60.90255424867741,0.31925647094729925,24.241398,9.501092,0.87960434
429411727913975552,1.5057419512882637,60.86720784318482,0.3491117513451328,31.382458,9.295215,0.70412254
440876954126101888,44.69648229307365,52.111491817056226,0.40082393246854425,24.378979,9.262992,0.5479088
456810148927837568,34.50012965632332,56.23258798931828,0.49867992748251283,23.17973,8.82815,0.20537758
458023906685170816,38.39081745875464,57.543567206272044,0.4236839204916014,23.195303,9.687481,0.7813597
458379701779206400,34.70007084831595,57.28551863787359,0.4084000204853723,24.434364,9.280684,0.5315552
458461576727427712,35.57065117417958,57.27192874310755,0.38959771934819803,22.515593,8.709718,0.5542021
458905955528942464,36.00469974633476,58.32385271400965,0.41630690894979905,24.372936,9.331974,0.6241751
465648195189619200,39.58579468978069,61.0693614726631,0.4896908861061581,28.246801,8.603526,0.9678936
506816448853546752,33.29115082055858,58.554764851332614,0.4274482130285985,27.572111,9.551989,0.4084406
507276530050417792,34.04489679735487,59.68488164185391,0.3730380755854475,25.287468,9.102125,0.99576664
508288527419655168,28.408708617277203,61.24492762958579,0.40692009763181,29.44651,9.381525,1.2728033
508486989273476480,32.434980272560246,61.338617725640056,0.4309304734161274,31.68748,8.893407,1.4865227
510385742779119616,18.795830060527862,60.136854428048856,0.47618546298934633,32.32852,8.753914,1.583272
511301979557141504,27.732194255688807,61.350650133737616,0.36368826410383176,32.117157,9.355999,0.90882874
512991997650736640,25.716525786581553,64.3994777877201,0.32357099225572583,22.228632,8.877899,0.53955364
523812051065920768,12.85800405194171,63.78116584924177,0.3230591131963133,20.752497,6.6874986,0.87303686
525286152555097216,20.946032865101678,65.62896822747128,0.3235935808367054,22.83348,9.354978,0.8737211
2006888825592397440,339.2247839218438,56.90581642753408,0.3483052202515175,23.993258,8.7497225,0.7373133
2008194319542195328,341.82754656153486,58.48903606532263,0.36725623364534243,29.313482,9.466149,0.728179
2010819098615527168,349.51949873483886,59.85918632091308,0.2829330035053506,22.987223,8.553178,1.0223365
2012765337282245888,358.07022400690386,61.87755633650877,0.32361533261753817,20.166739,7.0215306,0.9975786
2014236243312284800,342.89066319064057,59.008516868676075,0.3299470513853265,21.618439,7.0032296,0.89258575
2016182138384988160,359.97904420686757,63.86401659233114,0.3350038888615493,23.108013,8.627233,1.9443555
2931836008736734592,109.61743768975977,-17.189923824886893,0.35119736286943976,22.147825,8.995004,0.33948612
5600484766699102976,119.07318082972553,-28.287669062983774,0.440667218295854,27.281492,8.932074,0.24652863
5602002505061650816,117.95691794676522,-26.49491051951106,0.28366425687447777,20.188118,9.531628,0.41527176
5614104859595790592,114.49576916239685,-25.867342427757244,0.38729938153957305,30.423594,9.418533,1.0931492
3044984310809466368,106.57152595470504,-12.337448936906615,0.43382630254819265,21.93469,7.822983,2.27319
3046963019425552512,110.37234996881118,-10.338911961108536,0.4961909266665591,20.08673,9.349472,-0.011255264
3154352388825769472,107.7030398511189,7.935487909679501,0.4438008350646309,20.106804,9.077414,1.7700453
3157950918582624256,104.7096550560025,9.622729395383432,0.33266261030828764,22.002201,9.266958,0.760272
3325556004352781056,96.67089122511321,8.635018142673692,0.4344154569609151,20.505219,7.0686984,2.1858363
3325577685350164608,95.83004688262686,8.385916077733604,0.4658309182904625,22.914444,9.341049,0.42472363
3329295890077933184,91.6237752658367,8.634616653723985,0.4749783620140305,20.748404,9.8883505,0.072045326
3344494026991546880,94.22413507541793,13.507107290042438,0.4172982392082809,24.413147,9.076177,0.45594025
3444973648711533824,86.43660951912477,30.776870966923184,0.4414127182757915,23.668152,8.988289,0.8085747
3654035240588664960,215.43848154720993,0.7830417650058614,0.3757042754186758,23.727322,9.161467,1.5538511
5711201189563596416,119.24041508173715,-22.8254239205797,0.42360110538700557,23.421707,8.445317,1.0339379
4053685039917631232,264.0554642039376,-33.89591470245854,0.39375357278988066,22.7674,8.711433,1.6396885
4094786296377678848,274.29595663903734,-19.008230403327957,0.4989945121354635,27.66068,9.714905,0.46953392
4152599133132654720,276.38115319284,-12.690062439262023,0.47483306202567516,21.595442,8.630464,1.6480927
1826355716483123712,298.7645344345325,20.267984004047317,0.35381601484695363,28.989315,9.561487,0.69098663
1830483317476701184,303.6243749807469,23.406367781925635,0.4259827012529474,22.66287,9.844859,0.382617
2060495824246708480,303.49591126520954,36.5438442011966,0.48667518438368235,31.494938,9.145827,0.29252243
2060824234625216640,303.72909919360296,37.37830676478711,0.44487138021185596,28.771246,9.092688,0.3989048
2060856773298398336,304.1530331270479,37.6868634262905,0.4780350503140339,41.23383,9.383216,0.50565815
6129282686358263296,191.0070041912677,-46.140289580461626,0.47363260337847474,28.353434,9.208064,1.625061
5835675286129008640,239.46726169048299,-57.5523095889452,0.445530637501532,28.360426,9.047182,1.8365831
5933208250950743808,243.44206356472867,-52.189053007890074,0.46425447391284824,27.350258,9.017238,0.74426174
5935008396325804544,243.25308122547074,-51.05573309385049,0.37330913448778447,20.310665,8.924213,1.2631674
5941596876156710784,246.6447915471275,-48.12526084028768,0.4994749686057437,33.178524,8.842882,1.2696733
6054426113711871616,183.82177570715993,-62.887748530183856,0.4494202899916335,29.806885,7.250901,1.9848361
6056007864266802048,193.8825144292548,-60.65015556213268,0.4745834768367529,23.114098,8.737678,0.16259575
6056407605465876352,193.42217531437663,-60.349438823375294,0.45620605361345956,21.904602,6.0978317,2.7859612
6057579203828580224,183.04311331444077,-61.892841129899544,0.44605316090353286,23.40501,9.653842,0.40310955
6071233695124155264,180.99947115661777,-58.722494801724714,0.49082414013339704,23.301624,9.054116,0.112965584
5890757760589793536,216.98894082441058,-59.635448922191465,0.429676875885092,24.806189,9.770871,0.4285097
5343230553689699328,174.26377650451488,-55.338972905692124,0.4637966618373481,29.435148,8.569063,1.6084237
5861802259359559168,191.61964483639395,-64.91767219783918,0.4739562718729342,38.85078,9.108539,0.4367895
5240630416427566208,167.4501226253923,-63.794242717051375,0.4681430093283714,24.386517,9.230643,0.0672636
5240748991878303616,168.5159287208672,-63.331040605072445,0.42581395947056383,36.658787,9.808145,0.30088043
5254111837731916160,159.84068938489173,-60.98890839317314,0.32982212206917433,21.85231,9.128752,0.15672207
5254267212486380288,160.98559746965128,-60.20019284535257,0.4051414778801205,28.07727,8.770231,1.8104224
5254818651922922624,155.52714979621317,-60.18690465693492,0.38053894813404776,23.313093,8.837185,0.17563057
5255031579201240064,154.74264375078636,-59.76784721547468,0.3651675324739413,24.681896,8.80416,0.20972443
5255249316881713792,156.61173307075126,-59.45638373040447,0.3612507434910195,23.8928,9.80424,0.2575264
5255569755777662336,156.52960563006457,-58.61718675331309,0.4577777982116012,28.63638,8.983889,0.2450037
5258469717694115840,150.90605373867953,-58.09865688287134,0.42225434554474894,29.43059,9.462864,0.6606703
5329462945800421888,131.98217478417132,-47.6959211005408,0.49348573022009545,38.496956,9.600864,0.33041286
5329859598936534528,130.90267763784976,-46.10146886010562,0.4802187133353763,32.523056,8.57671,0.33703613
5333580380628875520,174.47990621458018,-63.36260976020811,0.39028409556072563,20.650719,9.591243,0.06714058
5334188273148336000,172.96003669445133,-61.77306709010086,0.46825548771991377,31.163324,7.4655395,0.99462175
5334206204602401280,174.0227864692158,-61.70167807647806,0.4718232268951331,23.867294,9.699026,0.0944252
5334206312013482880,174.03897503087995,-61.694877070274686,0.4836164841129309,23.46756,9.4055805,0.031980515
5334208785914833792,174.13141827497708,-61.57381123240381,0.4803930501676902,23.43926,8.480915,0.11604786
5336022185498555008,171.41793937122318,-60.18181535426578,0.4250443893147042,21.228952,8.823616,0.11774063
5337579922954517888,169.63048789151523,-60.24399235171362,0.42802859525575726,24.564789,7.3816323,0.4255004
5338092806409102208,165.54716431192637,-60.3568256889221,0.40061805968456504,22.248234,9.705135,0.14357853
5338114766630598144,165.18318292877697,-60.454204209816645,0.2761943551177366,24.388714,9.378349,0.5426445
5338402701233784704,162.83619122982412,-59.74387843225032,0.3908388170968814,25.408102,7.6494217,0.6116648
5338434277835273984,163.2930909261824,-59.241000578848414,0.39242567108838183,26.047094,9.849601,0.17010689
5350279213497594496,162.06461642431148,-60.26575777888721,0.39922913190040626,33.37756,9.179349,0.81545925
5350296840043687552,161.63768876768972,-60.070159256727834,0.4204210184296781,32.456123,9.762932,0.5536938
5350640192585837568,159.57973340820337,-58.89629234650644,0.41869558589615447,31.97799,9.13548,0.59754086
5351447135365047296,158.8844453595888,-58.256164140380164,0.4029196898593844,22.764484,9.943639,0.08811569
5354962377108676352,155.99184084973135,-55.98864643470106,0.379571786059855,23.393002,8.255098,2.1116204
5408930702771060736,145.1169826029615,-50.33644091934636,0.462594011127586,28.907227,8.715677,1.9394503
5522329384249658752,129.2481977072739,-45.28979511962315,0.49453732021239116,22.3085,9.606199,0.31201363
5522709712191197056,128.28790255249896,-45.18139923891095,0.4774066704297084,42.390343,9.416024,0.45884895
4781407874538407552,68.07866834845932,-50.78577032002938,0.4571678593891511,30.573397,8.706796,1.8726292
6631364397619544448,275.2320130072837,-61.84084562823559,0.47009925530288704,28.622385,9.28977,1.4297647
413552166034703488,17.858030624785826,57.596782152271906,0.38764254415192756,21.690397,9.921163,0.13965034
428403441390354944,4.75212331588342,60.33528899155119,0.36421253682966725,20.354498,7.62898,0.9509449
430546389553651584,6.486479824871913,62.5498363811857,0.3167147711731174,25.572454,9.468811,0.48173523
431569519486156032,1.5140781205849692,63.67964981813147,0.4980138229230003,20.729498,7.2987127,0.29536867
449919440829879040,53.656822011635576,58.645353477470735,0.40912257662496554,31.152143,8.797465,1.5228505
458268273145747968,35.14219582067867,56.32994954013802,0.3873117645798948,21.282246,8.497231,0.39562035
458413443039836928,35.79610258632151,57.19943558678211,0.4580970238701178,24.05379,7.009639,2.57582
464668186732616448,42.78322588569825,60.417740382024675,0.41467998562839137,22.02641,7.231774,0.6068902
510296476179917056,21.21601913080913,60.97790635857724,0.3714872682056515,26.140978,8.86871,1.240139
511264424368755584,26.483805720697863,61.23480699683699,0.35210311497122265,24.968866,8.631494,1.2246046
511575448718223616,24.609514859800747,62.509240977359205,0.4053439012960296,20.289772,8.670012,2.387804
524063839226112896,10.708562680527999,64.29127755270078,0.3033595863149244,23.021515,7.02538,1.0602193
1982359580155628160,340.73874140526055,44.72172459979292,0.485993229298655,26.30656,8.705068,0.27422047
2005508732349280896,333.1403653321311,55.03046064295539,0.48443683447142794,31.760345,8.486074,1.9381518
2007201567928631296,340.21724149798314,56.829455737985164,0.4865942070663286,23.35955,8.185639,1.5036597
2167668688623855232,309.46753921299023,47.95023225901809,0.3295048981237574,31.406918,9.146621,1.2754745
2208381478194715264,344.1101145801164,64.46496319572053,0.31396213106219073,26.912428,8.722978,1.2213621
2742198462284327936,3.208062201464439,5.627562318166337,0.46974828230506543,22.484337,9.197191,1.5959873
2930234329540080640,110.96743004578924,-20.192761809136393,0.38260237365069266,22.746593,7.5934153,1.1968923
2930312390559342720,111.96994397803837,-19.68098182888315,0.41031662713447264,24.18272,9.422992,0.6143427
2936274153063501824,107.13204892451148,-14.907440868015069,0.34735493336583445,24.579063,9.241766,1.4920921
5543181519189083776,123.95234046736178,-35.631336017740495,0.30870128265287866,21.168333,8.706234,0.5220127
5543360636509074816,125.13283318888116,-34.50181697195372,0.4982704454811592,24.449062,8.984505,0.015294075
5601411208319188736,116.77279922401004,-27.908856941141117,0.3138180945037176,24.256334,9.1108675,0.735651
5613112382862296704,110.74691269291816,-26.621655040387754,0.4775569788400736,36.103462,9.015229,0.6225996
726300272791718016,152.73393867916613,23.99538671071828,0.43305918096920587,24.853672,9.082847,1.7808247
3045068114213598464,107.8545550095941,-12.865584556418662,0.3977323152769625,22.811121,8.956265,0.9260349
3108331642452807168,107.66235519423375,-2.8342593252022716,0.3765248598185093,23.238726,8.886516,0.8029089
3735316328434698496,194.8715554792955,10.331470921514207,0.4513190073740455,25.90143,9.196579,1.538723
5707610317719492224,125.09875829631521,-19.38365795214834,0.4211258960664899,23.964128,9.017835,1.6095619
4062937327232742784,271.32461569924726,-27.542599158365363,0.49329705380235506,20.595985,9.780363,0.19867897
4094814741903756288,274.2821718445531,-18.876807068305222,0.43685467518055665,25.471344,9.648263,0.7078409
1824467026048807424,295.0975023306553,18.9064698852515,0.35140999462935096,26.795586,9.010397,1.4694986
2058249212772823936,300.6154238802179,33.768081355593075,0.3269092168995232,28.312456,8.843431,1.4405527
2059245816977367424,302.50166985019314,36.700832747591264,0.2975503355495396,22.919657,8.67907,0.7036743
5869762517369754240,200.19996970726717,-59.99057417394211,0.49537690456744765,34.372913,9.614012,0.50059986
5932569782733011456,243.26935551379952,-54.24089122314696,0.4568603853262439,24.62243,8.857551,2.0946379
5933980456100090368,246.58807950534845,-51.79895499744907,0.46325466072941646,23.693842,9.578734,0.32210636
6054666631886113408,186.9592924415464,-62.02974914608612,0.4785985685969361,25.498798,8.856128,0.33206844
6055631968714581376,193.19117892268355,-60.809996553861126,0.49270499726008943,27.341831,9.310469,0.08985901
6056324897234257792,190.72063850782433,-60.975769150819254,0.4969011353441456,30.943039,9.275351,0.2375269
6056404375650400640,193.4124098144549,-60.395470413803025,0.4743050134323923,31.329548,9.61305,0.5017443
5866890180648728832,212.69688019407738,-60.31932545267924,0.4236045201978763,29.20603,8.979284,1.8391294
5877501120736678656,218.56325986508764,-62.38134266268743,0.46195921676165097,26.55152,9.388683,0.3417387
5878668217923213440,217.72100408168671,-60.30621442673428,0.4526516415470688,29.307652,9.199939,0.6854801
5335829775317542016,175.1492606757179,-60.41680896206818,0.49715179050783187,29.32478,9.722385,0.09718418
5347298403113465344,165.92368173509666,-53.93426101530238,0.45049083713111254,20.31881,9.15765,-0.031092644
5352567846958606720,163.57958530043092,-56.89055204088135,0.4912301174464666,30.264595,8.671357,1.7199969
5354262744120748416,161.4329934772556,-53.62859929205602,0.3592628525112856,20.340057,6.3271437,2.5491748
5842642135306080256,182.84114500491845,-72.27179925499676,0.4124553120137697,28.27856,9.796474,0.11844635
5862495810636387840,197.39021865096038,-62.8710102540325,0.40623588726809934,23.28971,8.398473,0.885129
5868475161025491584,199.66364099319568,-62.53006999135146,0.48256178986184756,27.242788,9.454018,0.3517704
5240438036258045952,165.4571172548555,-64.30390655904876,0.47884549569529666,27.994047,6.7960343,0.7727213
5240701334917785728,169.02885999080863,-63.42140574182992,0.44537299859800883,25.683558,9.809874,0.17363644
5253634164319575296,160.84995443981754,-62.05774648364888,0.4585641294471335,21.845875,9.518357,-0.018865585
5254164854817582976,161.55907526104772,-60.82525933220542,0.3291539842801657,23.43356,8.572079,0.8628216
5254363316686800256,158.93507109808417,-60.118927184957364,0.4433096918611634,24.556526,9.367549,0.01271534
5255115039010480128,154.82553714729093,-59.29689343450764,0.3857428514943257,33.802242,9.669615,0.80028915
5255161248534491008,156.67848833913965,-60.060999991163236,0.49514977266904947,41.32758,8.955019,1.6313944
5258552181067453184,154.4367937055581,-58.43311454281324,0.42586990292830335,31.339718,8.760847,1.6240997
5328380893227208960,133.58446372347717,-48.87999829127004,0.4693766343080543,35.109814,8.676895,0.6174402
5329700337240340992,132.7033485057101,-46.30992886755022,0.4285569504127722,32.054882,8.757111,0.7726822
5332695338190693760,177.3746985648805,-64.62248050356908,0.45356517154543946,28.74995,9.786728,0.23273945
5332747534956098688,176.61819451622475,-64.06286348159414,0.485347585173642,29.085026,9.8406515,0.21083736
5335142198235117184,179.24759737053174,-60.98472336860097,0.45226449359499205,22.973143,9.835585,0.31373787
5335787925151580672,175.0151663901868,-60.89856314846788,0.4848163202692371,27.572203,9.902904,0.04502964
5336067716499967872,172.75860608967702,-60.24973106373805,0.4361657058661288,25.924553,9.947362,0.08178711
5337307759445993088,167.02811445247033,-60.82571729813623,0.47255636681601304,27.926666,7.257214,0.36881685
5337740589078804736,166.8866569033788,-59.96350979289113,0.39141137628377826,21.318727,8.188017,0.20008373
5338330820655570304,164.04391761691386,-59.93034430837498,0.43554477343291087,26.716846,9.163219,0.3052044
5339894699808060160,168.71987212351365,-57.51241383365133,0.2659570894995213,21.132551,9.259766,0.8863859
5350355251602278528,160.7965529933748,-59.73916467363989,0.4241245437297512,30.662252,9.514887,0.5305424
5351121473767428352,161.20363252910792,-58.07523145086593,0.3803351237113512,26.520458,8.745975,0.725811
5355476845487364096,155.71584113267306,-54.58845066396145,0.4652085480050656,31.133488,9.359433,0.18424797
5405536819618708736,146.75923432495625,-52.0397252489202,0.41142910408391103,25.089176,8.020209,2.4772315
5522020009165982080,130.78056969754033,-45.8084784790342,0.45232306494702074,20.146774,6.286129,3.0167022
420521729725089408,0.17442227662394652,55.72245649860886,0.4901958517827859,30.325413,9.077502,0.23139858
431454306978682496,2.5505471384622815,63.478992959499536,0.31926037411014346,22.590364,8.725084,1.9724092
456750947097356928,34.428042472603316,55.85031092518043,0.4761317882102435,24.389061,9.1376505,0.21515942
457052518218003712,32.56576757101803,56.55906892094306,0.43493505892882167,21.44876,6.639489,2.8514519
458403032039334912,35.736262155422324,57.013385743321216,0.3836915057393923,20.796965,9.655645,0.37531853
458855240554574080,37.41132454470658,58.2251205892056,0.382767143466026,25.547287,9.726155,0.65640163
505940035002966400,24.914469613752033,57.829792713979096,0.3788521180947837,21.682283,9.835078,0.41100597
508180500411425792,28.244547346448982,60.85428291251973,0.3517792285866632,26.399137,9.435482,0.9795475
510749956002473472,22.968978721528924,61.523578565810084,0.37312796592380437,20.04631,7.6836786,1.5395179
511180861481692544,26.34567974029884,60.764487831425946,0.35249244818766307,21.813148,9.709205,0.70109844
511268410098354432,26.542573760481957,61.44257129925444,0.36844754961854626,27.59933,8.823695,1.1533833
511273942016212224,26.690350185952333,61.502570394204895,0.354813011663093,27.93399,9.577765,0.83401203
511484700343229440,25.930675369703152,61.834321266893646,0.2926504117841318,22.87299,9.189609,1.2986164
515211533672475264,34.68618367061842,64.42493058857683,0.40055097936543804,24.603264,6.9421296,0.89885473
2007534376355668736,337.2364862691231,56.603229449605394,0.43732375711411237,30.94112,9.262746,0.5073452
2010254911712961280,345.9033187942429,58.30972703375691,0.3425374231061528,26.6064,9.624811,0.65837765
2010767249770045952,351.0626675392985,59.73125074913969,0.3213404454903632,28.769394,9.140101,1.2371464
2011642010048282112,358.485402344449,60.37402264801859,0.3433650790552269,28.413708,9.55899,0.8767166
2012720703980046208,358.6754492598383,61.838892735847544,0.3634025756769268,24.357185,6.951801,1.0344954
2016253812792696320,357.0185783793203,63.39746959204284,0.33479023155266024,30.820406,9.331832,0.96470547
2163756493126751488,314.26113908185044,46.5457290351617,0.3749254018999752,29.148455,8.582545,0.67465687
2174785213225684992,326.7117210539634,55.33531690207122,0.3788307867382428,27.796614,9.4465685,0.9645624
2198114719662692096,329.02699857827577,55.73879833947911,0.4628220596779905,36.01194,9.144782,1.5249367
2935025176576055680,107.2981979103251,-16.904350813659477,0.42976299814580904,24.039633,8.8324585,1.7537193
5618245762133954560,112.43197115308614,-24.466004250755272,0.47058785562476513,31.31037,8.702856,0.8873682
5717022897474294784,115.93890130454928,-17.946186488626388,0.4835911457517206,22.884844,8.311241,0.27229214
3059386985424181760,107.91623795361794,-5.052979502731756,0.4124942541090849,24.770151,8.860572,0.6478567
5974115443617588352,261.09596043946505,-37.96238329282988,0.43981854803583825,25.74533,9.412379,0.8684921
4097690862478337920,274.32372556290596,-16.070901229503765,0.4727669509334512,23.517254,8.875752,1.4636793
4153665483301799168,274.7623891403031,-12.110040692471586,0.4508135932913149,31.648256,9.55054,0.98117065
4155596676739472000,280.0895921004318,-9.140342337450814,0.4583884351981499,22.058128,8.180133,1.1543584
1825308431662717568,294.3278966083442,19.435958349122185,0.3260637768942827,20.097683,9.012736,1.8546324
1821380563803864960,298.29219343693353,18.357788843457918,0.4670269785092324,28.259521,8.523096,1.4622889
2028837929578636288,298.0566253855191,29.40765905293748,0.30779383729166865,25.303852,9.33028,1.2621708
2029344151566665600,301.3568286135355,29.348810173362484,0.42256256193596686,25.787848,8.883088,1.8769579
1862325719653172736,309.15479701055824,30.78985686136292,0.4576345765467365,32.80778,9.171778,0.32787514
2057678085168413440,305.95842368183236,36.5224865879653,0.48624456113776554,43.89847,9.285157,0.98567677
2059011376158159488,301.54143377108875,35.385975424420394,0.47846290631837907,24.740147,8.025995,0.70870876
2059383668236814720,299.59029482904185,35.201578765113695,0.44390196847449304,29.693584,8.536617,1.2593269
6063009073243241728,198.37561624673376,-58.3623922280626,0.49112273358750713,34.744884,9.464215,0.4059
5932790681407876864,241.8262430279088,-54.197430552194454,0.4330133956284092,28.503817,9.011275,1.1443348
5940106213259136000,251.7338156622943,-45.88732157889808,0.4604929278830801,26.319752,8.496222,0.941349
5980786081902062592,239.71899757679205,-54.1602466629496,0.3314479288565172,23.732363,8.817089,1.7461772
6054416870941383296,183.09153197898877,-62.950775319533165,0.48741536639302774,20.670494,5.8313837,0.5115657
6058246985347879168,186.06033236448167,-60.32155498958434,0.4746362977408358,33.646946,9.647258,0.27766228
6059793585855182848,192.15952981604786,-58.868637136588184,0.49893387554287894,23.350195,9.089489,1.2387323
5866651998931097472,215.09487069000846,-60.88952118638337,0.4505391792661035,22.015139,8.087951,0.7473068
5868440492071967104,202.81451545220332,-61.732633470153765,0.44268607186250086,27.528854,9.029179,0.31889248
5875067798390996224,230.03873048720874,-62.25223071498337,0.4612666825889386,27.114792,9.468172,0.7901926
5879231167891166208,220.19444356375865,-58.79089909444459,0.3437996290904769,20.774122,8.849702,1.6595759
5407524977146935040,151.82077127617652,-47.94655061851757,0.4856688592300281,27.978127,8.511644,2.2441492
5861617816288067200,195.03364421633256,-65.07094629503104,0.409107155918792,22.803799,7.903458,2.1385612
5862757116461855104,194.29622435543834,-63.4644921948865,0.48526912902786534,32.08886,7.2060804,1.148715
5865192363011413760,200.6255625821804,-63.34594280972201,0.4489585798467388,36.30562,8.906759,1.9143987
6053450017924973696,187.374297556661,-64.18337587750466,0.4844803192021997,38.977764,8.939012,2.0545907
5254537589256637952,158.42803768332195,-59.4464969175935,0.4335514830129108,21.12588,9.916238,0.026804924
5255216159731880576,156.37916179817702,-59.79413601898318,0.37772399945443796,24.402946,9.801713,0.3440466
5258352069955069952,151.16880706086064,-58.5328894340535,0.4353531738707877,21.724768,9.49445,0.9282589
5308384590658027136,148.03101630471195,-54.284011397075695,0.40058026276303094,23.92638,8.388161,0.46810436
5309093878735658496,144.46200688568814,-53.680328069985485,0.49271880888236375,31.941357,9.20589,0.16876316
5309354222469068672,146.6502607252251,-52.96051225107845,0.41013481540098,28.400425,8.911001,0.66124153
5329568365796878464,132.08686327819282,-46.91051516107475,0.45934574592058264,30.670578,8.951125,0.34366226
5329998171755533056,131.65023903411478,-45.40489782435452,0.4358313718076814,31.00333,9.597603,0.41679287
5332509937374673280,178.51768400395048,-64.8323583314552,0.4626729474402145,24.503971,9.694839,0.22398567
5334960920601501184,176.726619173806,-61.46304933709738,0.4750410153273073,27.983614,9.13903,0.22410107
5337522851423914112,170.3128270990809,-60.545716984023144,0.4416307723768758,29.2147,9.485373,0.2565174
5337611774409573376,168.35695400341228,-61.061799340396675,0.41244152829609154,29.391773,9.540662,0.34480286
5337681696482836736,167.32819369355533,-60.711893145144124,0.4666258809852008,37.140827,9.696132,0.6190529
5337718152168175744,167.60523426416543,-60.27635722531876,0.39776523873622627,22.750841,9.637713,0.18091393
5338077623750555392,166.20422314376896,-60.53374308657684,0.40174357921290516,25.164358,9.12672,0.14979935
5338306253458630784,162.60952455442663,-59.98237013107842,0.44362196603457255,20.180056,6.259836,2.837275
5338471450726381568,166.28033000837902,-59.9564329311419,0.4452239151197195,20.187908,8.320436,0.16539955
5339023233763002880,170.5212507526233,-60.23353749089899,0.48497074018948616,26.552794,9.386391,0.23108864
5350383460949215232,161.18755218207215,-59.56517546750966,0.41147650169044275,20.687235,7.2764897,0.356143
5350839002356969088,159.61524184873062,-57.439571721569166,0.4104593184265351,21.806988,8.023184,0.66059875
5351745755841719424,156.96470169175308,-57.336056646685044,0.3810819062481344,28.64872,9.306231,0.5410757
5354891596047011584,154.7674302048211,-56.41708157609379,0.3543626763515468,20.625391,7.8787045,2.4481559
5355276562562989696,153.92377668068144,-55.25205417549584,0.4790602449907932,26.70536,8.641387,2.19234
5521824536616576768,127.93827430528468,-46.12672300626445,0.4976098739707192,30.033773,8.071493,0.5512943
426067254059344384,14.596232482342248,59.654123628967284,0.3750647776420845,25.709436,9.628978,0.46514893
427352819367679104,12.450820937831995,60.98611032466285,0.3592202346438971,25.60235,9.692309,0.685297
428647670411806208,6.976798910918934,60.62528926178586,0.33598135812128843,27.41217,9.050579,0.4759922
430873562982844928,8.170577254866714,63.26933086679998,0.3320742785794012,26.074244,9.536819,0.6306143
430994577980789632,6.626636605212878,63.442277330749,0.41407137472750244,33.948048,9.090585,0.61217403
458406811610473088,35.681361639184786,57.086797478870224,0.4146023596798115,26.487743,9.1577015,0.45543957
458414164594352000,35.6243723273521,57.20800554831323,0.4289401314422206,24.18422,9.43888,0.46392155
458420177549867392,36.576957092671876,57.22832803608918,0.43206000734550537,20.989923,7.257808,0.68318415
467904152529229952,43.837314142250186,64.15744249075004,0.4045725401633309,22.51359,7.451182,1.0852208
511217828255340672,26.643888654360403,61.262497042669054,0.3488293690277365,25.82576,9.095495,0.85400486
2002117151282819840,341.3074719339286,53.20936405793276,0.3967301856981455,23.519768,9.786373,0.21365452
2004036486267748352,342.2632266896362,56.428196636501234,0.49658535395185016,28.120224,8.115799,1.2488256
2009780163209909760,345.6167413328865,56.61203765522132,0.2760138881447894,23.192865,8.992071,0.81862545
2009853997984924928,345.68544107794145,57.14263332064852,0.45417902672375415,28.491959,9.829987,0.253582
2011823365048527488,357.6646315992381,60.9108629934889,0.3845238419336493,21.889668,9.452349,1.2004995
2013886014506640128,349.3639084239372,60.24986215317025,0.3494992521884236,20.587715,9.77312,0.56927395
2014149897293278848,350.1854483354341,61.19459355028689,0.33406384982164944,21.947935,8.5150175,0.6623497
2068785214190477056,304.70073831527924,42.610411412964446,0.4894811216818221,27.542847,8.064195,2.83844
2163444712840913664,314.9999336812226,45.509920452291865,0.48005897651079443,33.264297,8.725033,2.1949391
2173158245254738304,326.7960290181561,52.67761082264321,0.44527146881636326,22.118622,8.214281,2.9066577
2182712073579876864,314.11243082457594,53.94008255676117,0.4398930212857012,30.98013,9.262766,1.2945814
1866234693955529088,315.3038239525358,33.48406264978967,0.4393269572005683,33.141327,9.039662,1.466569
3028763215769154432,114.6992475461829,-16.382003227758204,0.36680699931612515,24.359097,8.872916,1.7353225
5541532148672496512,123.15696365876819,-36.6744008313518,0.296572389838889,20.592344,9.305347,0.24082279
5594074197279174912,119.82007837167976,-33.67577304574726,0.33179307279430525,27.978209,9.372729,1.3436785
5600321111262727552,117.5974389261957,-29.259982767896037,0.48971945431666636,30.603348,9.274516,0.41164875
3101555180496270976,106.00020619051604,-4.623494834570621,0.4735238016424936,23.069155,6.54593,2.263637
3154185434854890240,105.76213229280464,8.104626341016328,0.4753290253757746,32.784603,9.435603,1.1487436
3347671100198449664,84.52714644557466,14.390846016909997,0.408017837989641,21.651638,8.635345,0.7077589
3355627196399409408,98.16488698579069,13.550240382200498,0.40131659267793357,26.587236,9.462678,0.8565216
3371162509723970048,98.77905042072716,18.106914163150645,0.37007356241121026,21.582258,9.244703,0.5854082
3424821769534995584,89.40948481280317,23.558009614001616,0.4841541520250533,21.705614,8.530073,2.3621159
4068422240983609856,265.6052517004294,-23.736646399093836,0.4921980844713492,26.24143,9.041993,1.033143
4258436301367796480,280.4849249780467,-4.110663124340025,0.48159338437240234,20.27844,8.713349,2.2754989
2028473402771403904,298.52935760689,28.33620920442989,0.3273457269186368,24.126762,8.547006,1.3966842
2033065826665443968,296.06075289811133,31.639627807937707,0.47946916177088417,43.545116,9.314208,0.5854597
2049375909082373376,290.09406313276463,34.304095385294026,0.451683411261431,33.556355,8.813132,1.93717
2074080771448699776,301.50293463780156,40.064956442217955,0.4284787622137761,20.136486,8.139664,0.23532534
5891128708331972480,215.51252188396361,-58.29122619370588,0.4427429106443759,21.852333,7.354641,0.24993849
5869457059301249280,200.79314311900538,-61.15689557591235,0.4830097536803117,28.56554,9.122096,0.23587322
6056534942662447872,190.55288262377326,-60.65242183675971,0.46576443564178716,32.396324,9.248184,0.3061514
6058510799409144448,181.56892210792495,-61.25202436848411,0.4736960741993863,25.776964,9.769401,0.16190052
6058541070340927744,180.32158067336545,-61.40674425869118,0.3991562298833387,20.40978,9.191751,0.066830635
5865990814504157056,211.35486391211774,-62.58845269702818,0.4841498385158965,28.875452,9.786636,0.25313187
5918033482955702528,266.969836890086,-59.36603516530208,0.4229354910429533,21.26616,9.110755,1.6401482
5254269613320423040,160.9894463188054,-60.091150902310396,0.3900856346658374,21.256252,9.272611,0.04833126
5258426149530455552,152.57891703884675,-58.059714693353584,0.41926296942202274,28.297745,8.684214,2.1990194
5258799261934012928,152.84584062578983,-58.04478382855957,0.3722223697190817,22.389015,7.8217607,1.4183998
5308534330384453120,148.15449496787937,-53.51639435754308,0.47886365076497434,26.277708,8.086108,1.124989
5330299918969106560,134.23263882998455,-47.04595937430248,0.45441518126450736,37.613567,8.742837,1.2631931
5334628623225719808,178.664226847461,-62.428395516437234,0.46470210658229616,23.460846,8.859315,0.03908539
5334961779594937600,176.5139104120667,-61.438920481856144,0.4811945758980584,21.32145,9.731593,0.11744881
5335674194415878528,174.25724229871167,-61.254836880970345,0.4587121018905093,22.586586,9.337542,0.0058488846
5336770025201752704,169.68307350301814,-63.3306456194022,0.39802906266644195,30.993786,9.657296,0.5958061
5337039959626443776,168.7434648460246,-61.452546953412764,0.4308631432631654,22.331957,9.367087,0.0461483
5337718186528108032,167.6186787473648,-60.2697556714456,0.36271501136580914,21.30475,9.910319,0.1850586
5338329338850227072,164.10476309664688,-60.030448476536684,0.41455965593322824,23.221722,8.585003,0.27723598
5338446131946640896,163.11960386194863,-59.210600017715606,0.38516543258743663,21.722937,8.550083,0.4422474
5339531173779366400,167.7165935039947,-58.162758181426994,0.36024618077382065,23.384483,8.579905,1.962502
5340143365573544320,167.1199655933617,-58.88875044854619,0.47158718083969337,25.613169,7.774333,0.6234813
5350353567958779392,160.9333059462995,-59.80494568332334,0.488511895757011,24.934935,9.573244,0.61666775
5350363910241888768,160.98060809220237,-59.54689831304232,0.43586181333931334,32.410763,9.894045,0.3813877
5350383529668697472,161.15602994985082,-59.54872981822765,0.4343042195453909,30.6353,8.915334,0.23753643
5350595391805591040,160.55546574286348,-59.16297964849707,0.4264302041598593,20.628624,9.502964,0.0508852
5351301961151337856,161.576521453521,-56.82938237443354,0.43865910043042977,24.457445,8.833005,0.19334888
5351696891983058816,157.06555741251847,-57.69400742219934,0.38797724903793623,26.194597,9.674501,0.252944
5409250351407633536,144.92368099530566,-49.52500743492963,0.40656312020037255,26.814144,9.11793,1.5447121
5409686204688400000,145.3848258065529,-48.606411978936514,0.36936732000265604,29.909452,8.662489,0.6645231
412585592237260544,20.66381853223211,56.60955738562708,0.3839916827699461,20.789116,9.080615,0.19341278
413874524796674048,19.892404218722323,58.25614409845456,0.31793375347470865,23.639782,9.413206,0.41636562
427540496559482496,12.647570735434707,62.36606697214202,0.33473693997275605,28.53288,9.315067,1.1082411
429030231736304256,3.8035613010928695,59.77927120186488,0.37279081175211576,22.260546,7.8295574,0.94965553
458454606008607232,35.50392168321665,57.13730463291177,0.42058451186499834,29.313643,9.307289,0.46866322
463897326000659968,40.91040899493315,57.82799809983653,0.38161853671981594,20.328833,8.641546,1.0486441
465535048571192704,38.335774554799904,61.521716178145454,0.4847726416315476,27.223818,8.298526,0.6608963
466127444816945280,44.83294601570571,60.596808693042924,0.4583492009166317,33.14759,9.165968,0.9755621
505494152986686848,30.29376192770624,58.203500488582335,0.4143414434386323,21.38703,8.583341,0.4117794
506692036543049600,33.07987781161296,57.940875204228426,0.4148106772709634,22.279896,9.070548,0.3943081
506703478335847552,33.15027880988157,58.09835804200216,0.39567126111716117,21.274601,9.416638,0.40743446
508432318625538688,30.434210307356945,61.05359963452177,0.4022979538123845,32.89215,9.2980995,0.96267605
509891477946331264,23.13631237447666,61.12938382999493,0.3795572244876627,23.009405,8.584108,0.49447346
510955908273310976,19.61287701516538,61.89291443286439,0.34548595994724973,23.512764,8.654698,0.89091206
511264699246655488,26.599081945977122,61.258253988159886,0.35881312628283907,22.19366,8.284625,0.9579396
523355032181728128,15.285665435617714,63.441350076475324,0.34709042727929984,25.064316,8.740616,0.9971838
523409492364076032,17.315280631600245,63.68125997616458,0.37288763635814914,33.192112,9.325874,1.1468039
813823567322574848,143.98174655049428,41.679253267180265,0.4663898970829613,28.953993,9.151863,1.6361799
1965135696153566336,319.084961233953,38.92737961823668,0.23284036041549122,20.493109,9.531318,1.0103397
2005653524280214400,331.98428755192987,54.518432170802825,0.3050532500378427,22.421724,9.743357,0.41623306
2007440058871856768,341.66764035345244,58.29553197611418,0.3787206126769186,27.764515,9.0701065,0.6307707
2007472288307412480,342.57759828223556,58.66047994626768,0.28159364011976223,21.656075,9.735962,0.65920925
2007525545903203200,337.70119756729565,56.60497809274403,0.2581121596504965,22.741167,9.639603,0.88642406
2012887864108269824,356.92425662984164,62.0479246271722,0.36846848339768096,23.0003,8.661089,0.58760643
3029958144389397120,114.56983827600095,-14.774740557546382,0.3660515505429165,27.274471,9.28981,0.67443943
5595013321953448832,116.14542202593378,-32.23881172417434,0.3641228984199309,20.263077,7.80836,1.0443144
5716817838553721984,115.49975730125769,-18.733739248390133,0.4338550702932319,26.619442,9.117855,1.6790514
1292711729335108224,223.32589884048576,34.042782537731014,0.458315978463152,28.661554,8.508034,1.7582674
6303152720661307648,212.78767093287584,-13.310678024757106,0.4574061799985931,24.133825,9.472222,0.8595724
4252993821890178816,280.3904468487288,-6.573452297842588,0.49622987444657507,25.154316,9.173401,1.609829
4269135717762411264,286.04050056009106,3.097333477918213,0.49797157596896635,31.86725,8.995841,0.855731
2028478114379315968,298.9169773094528,28.4113435288771,0.37349048914273214,22.555618,8.741344,2.0809412
2059219875373718016,301.80321029492035,36.35927080600695,0.48072943386552547,34.434036,9.162786,0.29625225
2059863536357618816,301.0675450018933,36.265367241030674,0.449824583751856,30.848425,9.464808,0.20379066
2061664119757977344,303.0860765887981,38.002076507278716,0.49409824630740695,38.053307,9.364941,0.39000225
6073922413349003136,194.44533989791032,-54.11152281941132,0.4907003294114447,21.397402,9.584726,0.078850746
6086952828719949312,199.62396204224547,-46.55570134772969,0.4868001214287706,22.491184,8.758158,1.5664902
6054414912436414464,183.43999735594,-62.931608530156595,0.4401839268190808,20.681854,7.9060245,0.20431232
6055377740999762048,189.90684357509306,-62.43363426182039,0.4624396882397061,33.909935,8.673281,0.6237278
6056407605465867392,193.40670478593768,-60.35706690755285,0.4858268984224719,27.801243,6.8286133,0.34575987
6056816692508436992,194.8578334253654,-59.86481905203518,0.4608541000734036,24.754574,8.918607,0.34075832
6057739595078051328,182.07619305897703,-61.63543035362961,0.3906788374468893,27.345356,8.786867,0.91842556
5864614775706953088,205.6967446233915,-63.52009731321586,0.4761210723442217,28.435736,9.605413,0.3077917
5336205602126137984,175.47376268870158,-60.230806740767626,0.477050880359883,28.28514,6.71652,0.5936017
5340738957266999552,167.0020381488534,-56.78766344527003,0.4389017434876716,32.00149,9.774898,0.34801102
5341925227219728896,178.12213672348273,-58.16269004828295,0.48295682910857696,32.06823,9.839017,0.37988567
6052948267023660032,181.4733559905208,-65.54687804578042,0.45138013193598514,25.003965,6.2251406,0.34763527
6054148521399400960,184.44057172526624,-63.616152639404895,0.3760325489415498,21.808834,6.3168674,2.47023
5233454281969482240,176.83594381805514,-70.41618981137277,0.423964467882119,26.26804,8.983436,0.16552734
5241560495856826112,161.45188451468977,-62.87039136960884,0.45320760012177436,34.954914,9.354087,0.29287815
5242018171922789120,162.13875832941252,-61.72743036090968,0.3520050261139772,21.359678,9.783351,0.1287756
5252990473313861376,153.61184237703011,-62.45490619968038,0.47233456639919696,25.808756,9.335006,0.008670807
5254227767502484736,160.30615202845303,-60.66992175893773,0.4913083328732632,27.714632,9.272837,0.059871674
5254269617668284416,160.9976533951411,-60.08705411152649,0.39371864986448957,21.948105,9.901049,0.09983158
5254269961265754368,161.0460698103298,-60.055976677564885,0.4259536295693603,20.697159,8.906585,0.113443375
5254287175496161024,160.53169751700912,-59.906769631787256,0.46300343631417973,20.8196,8.7295065,-0.048779488
5254662177677566464,155.34567308596877,-61.07407529178226,0.35046760720030734,22.557228,8.642382,1.1762857
5255054359687453440,154.93758596403117,-59.73599978432127,0.2835898898367372,22.86978,9.596268,0.5854254
5255184686210143744,158.00972340310383,-59.68499917645599,0.42164770849392347,32.22434,8.800172,2.030551
5255569549619300096,156.63082614050697,-58.64059162378812,0.29951986128758434,27.004498,9.497594,0.7533741
5328423086986606720,132.89902343841948,-48.75306602508809,0.4801806910914395,32.913563,9.001651,0.35345268
5332810035322786560,175.40827077089048,-63.829377908132315,0.4439966155901085,28.881617,6.920579,1.2710028
5334098216270541696,174.82397653234233,-62.49191653279681,0.3537014778088836,24.434025,8.790525,2.0189013
5334112200684254720,174.5099652252529,-62.327869738824155,0.4958396933863192,33.326313,9.26955,0.095103264
5334574510992831104,178.83946143984423,-62.61269705827877,0.26267732406197125,24.047821,9.322289,1.4474611
5337321606422119936,166.77888023676624,-60.66826325533323,0.4030952225889496,20.520529,8.478947,0.24006653
5337509897800804352,170.53410070321917,-60.58679430972223,0.42225062280510306,28.965057,9.937757,0.36228085
5337940184794705024,165.7012418842992,-61.23088452054294,0.44857125401779596,32.20417,9.790824,0.16300964
5338243306413066368,162.89306072949023,-60.79925894073773,0.287432443895679,21.363676,9.445775,0.5132103
5338345320466537856,163.61133517846116,-59.86231031696902,0.4467589883661857,27.652344,9.707007,0.37960148
5339375734668071808,167.6381044667045,-59.032087874036606,0.41876722321147314,22.19838,9.689655,0.10595608
5350323743720932352,162.24561412403378,-59.685870890548735,0.4422374034610756,32.97848,9.643699,0.3720436
5350413972397592960,160.72083768419728,-59.118230935958664,0.45422581116677546,31.423824,9.902037,0.20516682
5351410885838758016,158.28079482249936,-58.569552696741255,0.40431058570123224,25.656422,8.819366,1.8929548
5351700985101436160,156.8964831083635,-57.63629829795773,0.3735278460357182,25.421171,9.755066,0.29304314
5351710915065605120,156.7457499555205,-57.67575034055617,0.372769614375218,23.858765,8.650812,0.4697523
5351758846903542400,155.93516457007527,-57.64207644452496,0.3845289684172863,23.76631,9.006303,0.28530693
5355950116507929472,153.00434130834336,-55.26133118750811,0.46244562654606697,36.183514,9.677973,0.44212532
5410866942737784960,143.28783627414208,-46.765120827094286,0.49895310515500996,34.596535,9.126527,0.5315008
5522000011797055744,130.08201271754322,-46.14426173174262,0.46398360153025026,33.984818,9.603726,0.31734848
422432749653378048,2.9363942463934634,57.271519807336055,0.3283841547958447,22.286972,6.857098,0.94174814
427677042161748480,10.74684008570592,62.234919008665905,0.34759438312700963,28.691427,8.972594,1.2625332
431272548266615168,4.170080865118127,62.55183365157752,0.32953513949524016,22.195158,8.4548435,0.9935603
432017055072993792,2.7334052831821434,64.96318024585982,0.27994445218691727,23.182156,9.456106,0.83808327
455989226058592128,35.21418597077814,55.82536530579434,0.4423463114080902,21.289343,8.408162,0.22396564
457029638935975168,33.404261094790975,56.57063022236217,0.4219819993596535,23.746954,9.243116,0.26956558
458470686365924992,35.16269449734643,57.31185589142281,0.4287452014745479,24.918121,9.698254,0.46745968
459147573208789248,35.87312862650221,58.963488667768495,0.4357092060501023,28.837303,9.500866,0.9128523
461398960703453824,44.218134802996204,59.088927445871015,0.3890100048088594,23.448109,8.88977,0.85181236
465485776704859520,38.510535492374395,61.38635119909952,0.4733719802883658,31.035982,9.256442,0.7467909
509799118967530112,24.577176477218686,60.477264953371176,0.3445349416536204,24.753357,9.513942,0.3111801
511181926633242624,26.247177400369885,60.8060310031321,0.33411883587609753,24.856596,9.541563,0.7723007
511213262716085120,26.834027291284315,61.131941506036306,0.3351228902641282,24.236092,8.906285,0.9224558
511568198813356544,24.210359058458856,62.30151489672783,0.31258553635929914,20.19112,9.637344,0.77291775
562179921621775104,24.640661739294487,78.14291090359733,0.4784839884558061,40.33396,9.675763,0.6235237
1700794649645744256,230.0663072890096,75.12922427405577,0.49250664045784304,43.00247,9.331197,1.4173012
1868424027767961344,316.3932947956905,36.92467510508189,0.3941748024321777,25.406353,8.248643,1.841702
1994462866719961216,354.4081020869204,54.84718323302718,0.46901319542194037,35.13457,9.050314,1.45642
2005308689947128448,331.30755700854724,53.510195831689835,0.2534104645413117,20.578838,8.57186,0.7166443
2007416556811088768,341.7254397189757,58.084304992640334,0.339679854961937,24.66254,8.475408,0.52244186
2011857518631414656,358.45823506538557,60.85339126300177,0.3413229611563354,23.224197,6.6452007,1.0930285
2011868067070949632,358.0540859489818,60.916170957294234,0.3714779915408776,28.543877,9.4788065,0.7594118
2012854672600157184,356.1754167686269,61.66801168348834,0.3234864358016136,24.896667,8.902432,0.8753061
2013894913678836992,349.74951085081017,60.42649906964268,0.3170135951769451,23.865,8.618699,0.769166
2071586112684243328,308.3782130758028,47.04944520964152,0.4463884848421825,26.656681,9.200891,0.32228374
2165528008206050560,316.58368905414176,48.173765594451034,0.4199054053328845,25.579369,8.960645,1.6019192
2929823180908928000,110.02692119253905,-20.742365042249087,0.43095895401459894,30.996368,8.979013,0.84764576
2931774848404980864,109.33930776837678,-17.775843378508238,0.47837323316695063,20.053604,7.579456,2.1531973
5614596036368329344,116.03885185588354,-24.9473337884487,0.3884086383403944,22.41041,7.935906,1.1830964
794550915195663744,146.75582278300828,34.38431905336679,0.45579973003787005,23.714025,8.571562,1.6882749
1473606032333031040,200.16808833214432,35.704424472928324,0.46963376164407966,30.159538,8.883779,1.8780613
3051504002445795072,106.24559295129399,-8.450905930177987,0.3742966440647557,20.98005,8.784004,0.9730358
3102631602375346304,104.46477552487771,-3.7629577977336743,0.46446223360916933,28.349962,9.153016,0.5168705
3374386690133672832,91.86611834550301,18.996611099524635,0.47719704339492,28.099041,9.078643,1.2321424
4063636169913824384,269.45649454300377,-26.83918732946062,0.3527954666681953,20.022223,9.059205,1.4980793
4137376669543774208,263.9750757912146,-14.208921871698088,0.4897977283559925,26.227777,9.810346,0.5097418
4066034200409542528,270.4711232418706,-24.313025631555515,0.40064545733001866,20.475622,9.21037,1.4757423
4090792217353632768,273.66787901173376,-21.73012622701315,0.49053107297529314,26.784492,8.662308,1.4915385
4153661020882957440,274.54120841449554,-12.179776215339702,0.49405093196038863,31.15399,9.017729,0.96919346
2020044516575268992,296.45088555192734,23.195185639329193,0.4833028375380316,30.003155,9.51679,0.46809006
2035165687706631168,297.6967577341135,33.663953781469935,0.2326975617877628,20.249027,9.672347,0.80980396
2059162627723230976,302.25366720801543,36.2467439392524,0.37370007233992797,23.849102,8.695188,2.173945
2059434898612310656,299.954564227609,35.30928344375764,0.45193227989418455,29.349245,8.870268,0.6131849
2060804993182977664,302.9374502966461,37.549940458207864,0.49950767618383973,32.344704,8.643859,0.4810133
2061179101990473216,305.4621595514399,38.629380852384216,0.43783972676612426,28.632353,8.458022,0.87645245
2061395396544460160,305.2556184889578,39.014423727066074,0.46407723164887865,37.550533,9.484228,0.68135834
2061666013858471296,303.0966294729565,38.063946398264626,0.47231486080991153,39.835476,9.6675205,0.43670368
5835645771109701632,239.68303507100958,-58.036302522909594,0.4457122926979027,27.778872,8.833481,2.1850429
6055990993633719040,195.13131952592104,-60.37537504506481,0.45224372714440814,21.984726,6.9839807,0.37739992
5865350383360485120,203.54988340295725,-62.41717006796046,0.33688071246245915,23.24062,8.998685,0.8116884
5868340711383005568,202.49108391758875,-62.41750609497483,0.4908515992945775,30.039288,9.457321,0.23532486
5342652176221871104,174.70427684087198,-57.05944555174441,0.4883674068515506,21.749922,9.40713,0.079512596
5352872033717017984,161.87304942888233,-55.78635308121357,0.40995552264566515,25.972095,9.500628,0.1973505
5858803513202322816,200.45429267440707,-65.04598357926655,0.43419556192547276,21.650389,9.767167,0.11898804
5859612650636926720,183.66293042995838,-67.654381057197,0.4472445611054891,21.378595,8.7449,-0.00914669
5235764218473804544,176.64400404085103,-67.88376992970836,0.4532575947552115,21.48795,9.562701,-0.059091568
5240040631514998272,166.57165660288888,-65.50979697238908,0.3572221475271915,20.966473,7.474549,0.50886345
5240745452824329984,167.863006747429,-63.205699277314025,0.4157720142666994,31.938705,9.621144,0.43567657
5254414443969568896,158.59142929375767,-60.027972934155834,0.4467357285545671,26.92532,8.220828,1.7223625
5258420858142702208,152.56699691228502,-58.186875570848386,0.44361888222409124,40.000202,9.12597,1.0941086
5325361221981258112,134.2367562554376,-49.07265221116666,0.41729882404932556,24.449139,9.454547,0.5459442
5333266298296902016,176.61855815520755,-63.14699527281917,0.4638373234356776,34.530228,9.642388,0.18207741
5334208579756349056,174.03978754032738,-61.593924248788994,0.4524762892875811,21.88472,9.183035,0.06797695
5337282505016887936,166.455424565881,-61.14133876574622,0.3149068774380792,22.653862,9.785538,0.16270256
5337743333514211200,167.0385703413276,-59.96342125241911,0.4269024015910737,28.256475,9.64214,0.116337776
5338089374781707776,165.5958410053919,-60.5146701894571,0.3981359912697454,22.214941,9.339218,0.27522564
5338528079893852672,165.48308736912188,-59.90380017272178,0.3836996017352897,24.232948,9.077799,0.22846603
5350363910256783744,160.99013112509203,-59.54825837495744,0.4072645718317717,25.204956,8.697861,0.432086
5350473071140641152,162.26352413903396,-58.895438571962195,0.42948578618511124,31.96778,8.722662,1.1981945
5351555437233583104,159.07084543329557,-57.78301112779185,0.3949892508281652,33.35227,9.352265,0.655159
5351662296041554176,158.4770617201267,-57.05724942822284,0.38386893892042406,29.0988,9.757376,0.5709219
5351752833948153600,156.8259837319793,-57.10686079640644,0.3882860509792959,28.346685,9.184978,0.5061865
5351797776487868032,156.2928572972279,-57.063799211423934,0.40102885226902524,20.887272,7.3561,1.6749444
6371664114822899200,321.3828604768706,-72.40095870188279,0.4485123613405916,27.656748,8.892356,2.0508742
255225480926107392,76.95959559755109,48.40261131244206,0.32211413881148454,22.28149,9.534965,0.85300064
414094019109138304,19.08076405484558,58.77974183099907,0.2798714783686748,24.841707,9.339171,1.0341215
424673073312722688,11.396510312115302,57.65307333556324,0.3200445700795488,20.826815,8.884529,2.1294746
426359105676883072,17.301395533370833,60.62803976866554,0.29837788200020565,23.141466,9.029559,0.5747709
427234969757165952,9.290132580203235,61.36013319063004,0.27189066538368456,22.545052,9.454656,0.8198452
427340110566656768,12.8355861061197,61.30346174335847,0.29408074978738424,27.326752,9.316981,1.3067789
428974156642785920,3.8778827357046826,59.161987708983276,0.46468911622581277,25.844122,8.604876,2.1780596
430524193162608768,6.6006561016580365,62.26135090774563,0.2434137126317915,21.540504,9.231545,1.0869265
431866559420793728,3.3958278562468873,64.16487894751369,0.298720763741374,27.5981,9.525264,0.76975536
457637187829868544,36.64111391839525,56.81645282311264,0.3759371877364508,22.26502,9.506452,0.5613289
458371661600617088,34.667972513678606,57.100866790238896,0.47935876100715735,27.749794,9.406666,0.3964224
458377708914501376,34.72441498096979,57.13950484698502,0.40251140133278723,27.483107,9.465912,0.48318195
458627023173989504,33.17668620155728,57.692113201816085,0.3993249362301213,23.36778,9.420343,0.6549196
465237046552032768,39.010728976902975,60.611645891893396,0.4371139664119034,31.485476,9.36965,1.146905
512209798205685376,27.40608416408742,64.32599027062459,0.35406130195242136,27.236757,9.655895,0.47544098
997530000154496000,90.42094246693715,56.86278721529735,0.4577332930020685,23.262585,9.194263,1.6197062
1873112207907294848,316.0693021818237,39.97223311595566,0.4572185443133457,36.77182,9.205185,1.6668949
1976957095425086720,331.5347760829574,49.90242247857806,0.49401242687620683,26.225351,9.639757,0.12672806
1978733356467856896,322.82761512631987,49.236938631576116,0.3569588546267423,23.671143,8.820284,2.0547242
1995081135855943552,359.48112593732384,57.08477970145161,0.38406739295710585,21.533047,8.886357,0.2084198
2002403677140307456,340.8466601874439,54.071591270416086,0.44958026221904596,24.140081,9.424,0.14833546
2006301720741521664,334.2311163766779,56.5388776573827,0.2762998803558272,25.523642,9.099371,1.3058491
2207793892311474688,349.3397757644414,64.12115392427506,0.39799475356599207,24.421976,8.209055,1.0109701
1794493480083212416,325.07645351324464,23.278011951529997,0.47458579161045744,20.07767,9.235748,1.5957355
2911632757450333824,93.10564951059942,-26.632945164314574,0.2576068533051719,20.217157,8.897093,0.5981455
3102528381419183616,103.95443817769824,-4.0432744036785575,0.46031822672425915,21.568031,9.48228,0.24963379
5600795000774168960,119.39119292845528,-28.451205853767423,0.34538781717287625,30.894577,9.260842,1.3633928
5612331076768235136,113.15792762536958,-27.860572242638767,0.3454485047493806,24.95077,9.06526,0.22148323
5614318650201643264,116.48765343520012,-25.720318031283977,0.4495742718541834,26.641603,9.457551,0.20780277
182636101219583104,82.03490476640806,34.395889126178226,0.4958457903376177,26.009037,9.764628,0.31147957
3047132790892086400,109.4954464130216,-10.441320021972524,0.36043223974034355,22.582672,9.41497,0.93618584
3068409921433146496,119.3827748510825,-4.723676016188977,0.3623410004739963,22.215137,8.732638,2.0234208
3695815204975716096,190.2651209847718,-0.6206523536442147,0.44655232593333705,22.570995,8.742073,1.7283974
4152354109527170048,275.96139651575675,-14.145940951747566,0.49103556497190876,27.371857,9.089591,1.6528473
4155409965959754368,280.5648564253524,-9.130546938187345,0.4703968510262266,28.910934,8.836069,1.256278
4252558380933360000,279.765737011085,-7.859863697877355,0.36107042067824485,25.64024,9.187202,0.9570198
4253474342892736512,280.5439454891731,-5.927327457863218,0.42647810244356904,28.313345,9.146377,1.6160469
4305486946529288320,287.3862176535539,5.323001786477694,0.36656435661831377,24.406488,9.075488,1.7008057
1810331949391871488,303.5022978727429,18.604247975718366,0.35211116942771353,20.245407,8.25662,0.86301994
2020923679216984064,296.4193194953082,25.12666214941233,0.47653652195741086,31.721079,8.981664,1.6788034
2059072197216667776,301.48398688649274,35.672052202150894,0.481678617709784,28.21972,7.2078896,0.3726039
2059854121788578432,300.864566441192,36.03497107368725,0.4994277526211637,35.61357,9.394823,0.2881403
6054685357918304512,187.2750557630457,-62.466710695139966,0.4698564846073651,26.344946,9.359439,0.64280415
6057496190694511232,183.25643906017865,-62.31294158352921,0.4896577227805888,23.226963,7.6906805,0.5158987
5853693429835028224,212.44897534622297,-63.538096976636176,0.382276814349808,29.511902,9.400329,1.3420725
5923397106863054336,258.35160416983126,-55.3466462821394,0.3810647884658178,21.398314,8.9164715,0.70282555
5341103307932981888,165.3071183792838,-55.58251896746177,0.40296990961151696,23.685638,9.641406,0.21314144
5859173945562774272,199.52851403416406,-63.68712913216147,0.3470973676043274,20.745157,7.5490994,0.9567623
5860183125391531648,189.18721885082402,-66.06036395393785,0.4253211846844406,26.01567,9.515225,0.22782707
5861530130234265600,191.43380449165082,-65.62322417217878,0.4895345074641232,33.37219,9.666042,0.19593334
5864016297832585728,203.6440049465889,-64.91602977968954,0.49294466984302243,33.81181,8.825091,1.8789172
5864154046019219968,205.25104394455005,-64.30698075234264,0.4932619054646025,35.616596,8.972633,1.7338152
6054299979119288576,181.4390594484298,-63.50404685245292,0.46604229041707596,23.926226,9.5568285,0.098498344
5240104437543186560,168.0675985332363,-65.21891546786198,0.4324115431796658,20.537628,7.651565,0.47476196
5241834416037053824,164.96913779467232,-61.765325345183236,0.4388936100736745,24.536423,9.217796,1.5153675
5242167327539694208,162.69983449504164,-60.79734174772846,0.40425657221633926,28.902695,8.869018,0.5970526
5242184954087251456,162.19377689251667,-60.59439526090774,0.425546315436013,28.957083,9.001884,0.32619762
5255194822333535488,157.27562751758478,-59.61153130019083,0.41546043324013726,27.724203,7.4250116,0.941967
5308438604167440512,146.59729107904354,-54.15039396380312,0.31765083851738357,20.699663,8.49249,0.8349199
5327836325732931840,131.23285441361278,-50.56001943798686,0.37166570510603214,24.734146,9.24687,1.5841217
5329109560204675584,130.74017343732467,-48.121471410374724,0.4684110722373906,39.22764,8.897943,0.48276615
5331423722933241856,132.6491292488105,-45.5489269370982,0.4588864319065197,34.888794,9.69195,0.3485279
5333511794293198208,172.95712310965416,-63.903580535633466,0.40899408282667077,21.250439,9.563046,0.044029236
5333742249368654464,171.02141816360762,-63.68107718136266,0.4390662396314692,28.343855,8.828598,0.36036968
5338130155444707456,164.6709889167885,-60.34917024085347,0.44081405441498406,31.766613,9.567455,0.30474472
5338180634243059712,163.53689814320228,-60.94926444045548,0.43529739769470194,22.463455,9.951548,0.053398132
5338515985296335360,166.26453874690807,-59.66292442977977,0.422892568772454,24.638567,9.198178,0.08574486
5350363875896996480,160.94446416897355,-59.548560309155604,0.42632552716550687,33.647827,9.467277,0.56289196
5350381605522196608,160.53421768706664,-59.330521864835646,0.4365770988731684,37.169685,9.2038355,0.6060219
5350595804122469632,160.56587067218337,-59.13719707968731,0.4059097297035946,26.796633,9.346723,0.21735477
5351447238444368768,158.93034567477468,-58.22599652116463,0.4381678668022646,23.182999,9.806742,0.051270485
5351448127473759872,158.87515622648337,-58.20225711685458,0.43274076368855563,23.32862,9.488946,0.08526039
5351700980791922176,156.90715033188744,-57.63990613955424,0.3944448111707471,26.71546,9.53411,0.24565792
5520181110324194176,124.60909110130608,-44.26665336709542,0.46787313339058506,37.871403,9.067917,0.752573
5532051231694251904,115.6750275898625,-44.20200885698257,0.4850423689754413,25.646095,7.778154,2.9557528
249625702566411648,55.351252372705375,49.78779007597304,0.3670949037220506,26.27242,9.152645,1.1129742
422952131457213056,4.2095840814046275,58.64178724096264,0.4755323898440715,29.291395,9.23405,1.5073061
431784233486202880,4.741158905761384,63.57198800145838,0.4675597624655583,33.264835,8.833471,0.63166237
456587222943794304,33.58379700662718,55.05933615869159,0.4274042171474676,20.52281,9.474104,0.16338158
458241541269642880,35.17882327620414,55.90907187963558,0.40216358205588926,21.369524,6.6932592,0.511096
458461615395187200,35.59474788661312,57.28472078276681,0.4342322885137997,27.41096,9.40454,0.8120794
458561361713638784,34.41304432971822,57.19932860096919,0.4151417945562886,25.082628,9.294615,0.42872906
459319268819837952,35.24529689129356,59.64835243492265,0.4054451749503836,22.204897,9.719027,0.6548691
464632005927208064,43.9762987195199,60.39326132016123,0.36630941834283404,21.394651,7.2750854,1.5436034
465803703061030528,40.83574443986381,62.13885737075054,0.47333423751896175,26.715086,9.827822,0.38241005
507212105542439680,31.818295026430153,60.25420969441597,0.35530001460398786,22.477526,8.436033,2.0953603
512514362929338496,22.824956787936,63.34757231038707,0.3992892700424331,22.661268,7.323519,0.83446264
524109090999225344,14.94829302972427,63.607832590706906,0.331825633636561,22.761343,9.047257,0.48666286
1396763157531430272,238.0606131741053,44.210898760051556,0.4034214823027728,36.362465,9.284195,1.5050039
2006944350926080896,340.6883189579998,56.34617867486376,0.33866279935753973,26.303347,9.69751,0.48126316
2061437757796371328,305.48370414803196,39.45906718566892,0.4660334767279524,40.020786,9.176121,1.1900692
2068803768449811840,304.58287428359586,42.84310477006445,0.3206043203731434,22.605875,8.837266,2.2192078
2200307455080694784,335.5107450695077,58.719271779520206,0.44681905197931654,25.454855,9.462142,0.92904663
2922469681499060352,105.08926596697977,-23.314133494769944,0.4716249309545617,38.362164,9.299625,1.1607361
3031121255892804864,110.54914604645066,-15.700351004575989,0.4162972593444722,22.616152,9.189206,0.5552225
5620059750159509760,112.35537714005429,-21.008202515450815,0.3600162626276801,29.543427,9.573807,0.9740763
5698533402559558528,118.46629038077685,-24.804776496690025,0.334774094317338,20.963184,9.751015,0.3264923
188772303814663424,79.77341268045531,40.15405560036562,0.3876560025940841,21.76572,9.358401,1.0553255
3129147695366455168,103.11990599657268,5.1491682098492015,0.47122767287389333,31.451298,8.828966,0.5821285
3335744319614870016,89.11414236865681,9.861116116647615,0.31987532761092263,25.005026,9.374251,0.858654
4253171599279143808,280.9590173749014,-6.600242437136321,0.45568841294334483,31.079992,9.165284,1.6688995
4484333542261163904,277.12511220971584,12.359838081919614,0.4506119879584232,24.695393,8.210986,1.6020026
1827952344809906688,298.33683814863065,22.616952606341165,0.4348373491904532,31.469572,9.08697,1.385232
2055672885212261120,303.22125169685364,34.361664456745515,0.4691133989008269,37.008507,9.751323,0.5954237
5869611712461298688,198.97247430137784,-60.826216093649954,0.28366448040837167,21.806108,9.2828245,0.86538506
5932937603717225216,243.49989541129827,-54.04878795370363,0.4957390298498195,30.850998,9.155916,1.6846952
5933897271182032384,245.39340528224415,-52.57496102977764,0.48598533977117275,21.496078,9.599107,0.27114677
5939609268378137216,252.21215347155737,-47.16757983765006,0.372889638382106,26.133991,9.148852,0.68321705
5940934557858841344,249.2466745664637,-48.66410786094114,0.41319483800634577,29.12238,9.293671,0.9867401
6056732476804358528,191.2922854884729,-59.63647529539096,0.4985251669278326,27.46568,9.917375,0.08564091
5866059156028925312,210.8040797302227,-62.260728045698094,0.4756799206706535,31.09631,9.385203,0.4696598
5875626556496201856,232.2253047775778,-60.80119871099528,0.44954792878323957,20.739546,9.296254,0.20624542
5339779422886298624,170.87112691870092,-57.413826167614005,0.46989252218314365,28.84705,9.188191,1.390029
5814676160137713664,253.89501661212515,-67.09881881063002,0.3267832738103668,21.14,8.577874,0.6516018
6053108245982375808,184.15315160981132,-64.51649340855195,0.4925235548548249,27.117374,8.599116,0.16048813
5233812168691960192,178.59587856940917,-70.0021975683518,0.35742441069500575,22.789452,8.38201,1.8713751
5238808628736339584,164.28833612032454,-65.13474394719451,0.29251954096672084,20.192284,9.077229,1.4094839
5240720438934257280,168.13308489136634,-63.50519155895642,0.28184508609402237,24.623041,9.131537,1.7514639
5241119286788374528,163.84726587522218,-64.23020066601097,0.37417038107264594,32.141037,9.329345,0.76798344
5253429036679599232,153.33600970404973,-60.759574646240026,0.4016734091742377,21.053898,9.611525,-0.034394264
5253892760051145728,158.23792971709867,-61.531590051362535,0.4644143114714157,21.97763,9.015382,-1.3065338E-4
5254123348245846144,159.96268420536498,-60.99619342874119,0.37477655480900895,22.045387,8.611464,0.37825298
5254165885609925632,161.42687616797738,-60.88223933952794,0.3254973187995537,27.782024,9.052201,1.5339146
5254392178870152576,157.9160272256916,-60.28635453826138,0.3974310491875333,24.660654,9.187454,0.319355
5254456019241527680,159.2692338099515,-59.98574642009354,0.42361934294198117,27.499435,9.647337,0.3384304
5254880465083163008,153.8767085224787,-60.737879040001005,0.45866318925950755,33.656506,8.377057,0.77449465
5256619926836446080,149.2443060035311,-60.53908961498914,0.4445909720584468,39.7746,9.249729,1.4580679
5308858342734530816,144.97585095708175,-54.173461284775854,0.3195305112566818,21.10459,8.374133,1.5120082
5314077312100912896,140.68637670232948,-49.505515003711224,0.41552253965729097,33.82971,8.873027,1.6116352
5329352998951582976,130.91118029354817,-47.40309012410012,0.40402247453870505,22.013405,7.7874327,1.607461
5334229126881190400,173.15773345550252,-61.39379301277728,0.3483011612723813,24.199633,9.613061,0.20840263
5334380034867638400,172.5802378127733,-61.697154953072555,0.4894915787540062,24.526142,9.748402,0.115460396
5334897423815728384,175.4570969235361,-61.73204446961731,0.4867206890662254,28.781794,9.665992,0.12601185
5336848335362239744,168.79271297356732,-62.694038102814744,0.46431009425982206,35.891396,8.8527565,1.651803
5337384587818983296,170.02305514641145,-61.233420282011394,0.423270880664048,30.412495,9.632578,0.59773827
5337725264617303936,167.63510636440446,-60.14402636664533,0.39341581239719153,24.957483,8.868219,0.35428905
5338078104786942208,166.24712015815717,-60.50067577111424,0.37681670476459883,21.841667,8.667331,0.12587833
5338214512949036672,163.61339394777585,-60.57585441537491,0.39376291384686524,24.962282,8.4263,0.97007275
5338230730747046144,163.3343567661211,-60.45217846052638,0.43679516965638165,32.684834,9.361111,0.39203835
5338426753052004096,163.2951140929893,-59.38087712755317,0.4537527363047934,25.081623,9.533708,0.05452156
5338761176381596544,163.89477138508326,-59.250390361405955,0.3568980560798444,30.065378,8.971614,1.0271654
5350358683250920704,161.27458651018313,-59.668302318257865,0.44315375315599853,20.835445,8.074564,0.2860856
5350812957675754112,160.22099297849076,-57.935579694006655,0.3721171808391609,24.099659,6.447211,1.5937581
5351412775625246848,158.58372263822852,-58.6116278887472,0.3701330017331491,22.93278,8.866893,0.4252739
5351451533411562496,158.70425037002227,-58.1685772356295,0.4367216365958052,24.936825,9.930725,0.08409786
5351451567771333888,158.70278662979692,-58.150312241218096,0.4234146822074794,21.64742,9.713346,0.015953064
5351546224528759424,159.09852319524362,-57.94222213306584,0.3904405098900927,24.060938,8.505862,0.62104034
5351602029057558400,158.62116139441068,-57.347782629136454,0.374173861194265,25.92813,8.67967,0.42170906
5520142008944285952,124.01140471629841,-44.32267022563091,0.4218291735327968,23.264894,7.9576926,0.45341015
